projectId,userId,startDate,endDate
PROJ42282,JMAN379,10/01/24,10/03/24
PROJ42282,JMAN159,21/09/23,20/11/23
PROJ42282,JMAN44,05/07/24,03/09/24
PROJ42282,JMAN904,18/06/24,17/08/24
PROJ42282,JMAN577,27/08/24,26/10/24
PROJ42282,JMAN553,29/09/23,28/11/23
PROJ42282,JMAN860,24/02/24,24/04/24
PROJ42282,JMAN659,08/08/24,07/10/24
PROJ42282,JMAN580,21/08/24,20/10/24
PROJ42282,JMAN993,14/02/24,14/04/24
PROJ42282,JMAN22,04/01/24,04/03/24
PROJ42282,JMAN678,11/02/24,11/04/24
PROJ42282,JMAN728,26/08/24,25/10/24
PROJ42282,JMAN602,05/05/24,04/07/24
PROJ42282,JMAN929,09/03/24,08/05/24
PROJ42282,JMAN282,31/10/23,30/12/23
PROJ42282,JMAN23,22/06/24,21/08/24
PROJ42282,JMAN882,24/02/24,24/04/24
PROJ42282,JMAN543,24/02/24,24/04/24
PROJ42282,JMAN894,24/05/24,23/07/24
PROJ42282,JMAN472,18/04/24,17/06/24
PROJ42282,JMAN417,08/01/24,08/03/24
PROJ42282,JMAN12,10/08/24,09/10/24
PROJ42282,JMAN991,17/11/23,16/01/24
PROJ42282,JMAN413,22/08/23,21/10/23
PROJ42282,JMAN106,31/08/23,30/10/23
PROJ42282,JMAN174,30/07/23,28/09/23
PROJ42282,JMAN111,26/09/24,25/11/24
PROJ42282,JMAN892,24/03/24,23/05/24
PROJ42282,JMAN444,08/08/24,07/10/24
PROJ42282,JMAN706,27/07/24,25/09/24
PROJ42282,JMAN798,05/08/23,04/10/23
PROJ42282,JMAN56,07/05/24,06/07/24
PROJ42282,JMAN249,13/03/24,12/05/24
PROJ42282,JMAN930,28/04/24,27/06/24
PROJ42282,JMAN614,25/06/24,24/08/24
PROJ42282,JMAN275,10/08/24,09/10/24
PROJ42282,JMAN304,12/11/23,11/01/24
PROJ53767,JMAN406,27/10/23,26/12/23
PROJ53767,JMAN693,15/07/23,13/09/23
PROJ53767,JMAN853,31/12/23,29/02/24
PROJ53767,JMAN123,05/10/23,04/12/23
PROJ53767,JMAN721,13/12/22,11/02/23
PROJ53767,JMAN644,29/09/23,28/11/23
PROJ53767,JMAN804,28/03/23,27/05/23
PROJ53767,JMAN992,25/11/22,24/01/23
PROJ53767,JMAN529,26/06/23,25/08/23
PROJ53767,JMAN271,28/11/22,27/01/23
PROJ53767,JMAN62,02/02/24,02/04/24
PROJ53767,JMAN479,09/03/23,08/05/23
PROJ53767,JMAN219,04/03/23,03/05/23
PROJ53767,JMAN937,08/09/23,07/11/23
PROJ53767,JMAN983,31/12/22,01/03/23
PROJ53767,JMAN15,08/02/23,09/04/23
PROJ53767,JMAN934,18/11/22,17/01/23
PROJ53767,JMAN369,02/12/22,31/01/23
PROJ53767,JMAN774,19/04/23,18/06/23
PROJ53767,JMAN52,26/01/24,26/03/24
PROJ53767,JMAN498,13/02/23,14/04/23
PROJ53767,JMAN802,29/06/23,28/08/23
PROJ53767,JMAN468,07/09/23,06/11/23
PROJ53767,JMAN705,09/01/23,10/03/23
PROJ53767,JMAN819,01/02/23,02/04/23
PROJ53767,JMAN700,28/09/23,27/11/23
PROJ53767,JMAN566,24/09/23,23/11/23
PROJ53767,JMAN995,13/06/23,12/08/23
PROJ53767,JMAN758,21/07/23,19/09/23
PROJ53767,JMAN981,08/10/23,07/12/23
PROJ53767,JMAN257,06/08/23,05/10/23
PROJ53767,JMAN506,31/12/22,01/03/23
PROJ53767,JMAN518,23/10/23,22/12/23
PROJ53767,JMAN504,22/11/22,21/01/23
PROJ53767,JMAN767,02/09/23,01/11/23
PROJ53767,JMAN863,15/11/23,14/01/24
PROJ53767,JMAN14,11/01/23,12/03/23
PROJ53767,JMAN976,01/05/23,30/06/23
PROJ34633,JMAN131,12/01/24,12/03/24
PROJ34633,JMAN849,06/10/23,05/12/23
PROJ34633,JMAN454,14/10/23,13/12/23
PROJ34633,JMAN853,08/08/24,07/10/24
PROJ34633,JMAN714,10/07/24,08/09/24
PROJ34633,JMAN114,19/04/24,18/06/24
PROJ34633,JMAN51,11/12/23,09/02/24
PROJ34633,JMAN308,04/12/23,02/02/24
PROJ34633,JMAN324,10/06/24,09/08/24
PROJ34633,JMAN619,29/06/24,28/08/24
PROJ34633,JMAN479,06/02/24,06/04/24
PROJ34633,JMAN689,08/12/23,06/02/24
PROJ34633,JMAN486,26/05/24,25/07/24
PROJ34633,JMAN37,03/09/23,02/11/23
PROJ34633,JMAN382,18/07/24,16/09/24
PROJ34633,JMAN327,23/05/24,22/07/24
PROJ34633,JMAN886,15/06/24,14/08/24
PROJ34633,JMAN135,16/04/24,15/06/24
PROJ34633,JMAN444,29/06/24,28/08/24
PROJ34633,JMAN174,28/02/24,28/04/24
PROJ34633,JMAN759,10/05/24,09/07/24
PROJ34633,JMAN31,21/10/23,20/12/23
PROJ34633,JMAN52,02/10/23,01/12/23
PROJ34633,JMAN819,30/12/23,28/02/24
PROJ34633,JMAN608,21/12/23,19/02/24
PROJ34633,JMAN918,28/05/24,27/07/24
PROJ34633,JMAN757,16/05/24,15/07/24
PROJ34633,JMAN257,01/05/24,30/06/24
PROJ34633,JMAN518,06/12/23,04/02/24
PROJ34633,JMAN298,06/03/24,05/05/24
PROJ34633,JMAN196,05/09/23,04/11/23
PROJ34633,JMAN506,27/09/23,26/11/23
PROJ34633,JMAN873,02/10/23,01/12/23
PROJ34633,JMAN14,06/04/24,05/06/24
PROJ34633,JMAN847,16/01/24,16/03/24
PROJ34633,JMAN374,30/05/24,29/07/24
PROJ34633,JMAN891,01/10/23,30/11/23
PROJ34633,JMAN564,19/09/23,18/11/23
PROJ17016,JMAN573,11/12/23,09/02/24
PROJ17016,JMAN577,11/09/24,10/11/24
PROJ17016,JMAN617,14/07/23,12/09/23
PROJ17016,JMAN313,05/08/23,04/10/23
PROJ17016,JMAN853,06/05/24,05/07/24
PROJ17016,JMAN991,16/07/23,14/09/23
PROJ17016,JMAN684,09/06/24,08/08/24
PROJ17016,JMAN62,19/01/24,19/03/24
PROJ17016,JMAN441,02/09/23,01/11/23
PROJ17016,JMAN608,01/04/24,31/05/24
PROJ17016,JMAN920,02/12/23,31/01/24
PROJ17016,JMAN704,03/07/24,01/09/24
PROJ17016,JMAN644,28/04/24,27/06/24
PROJ17016,JMAN502,24/08/24,23/10/24
PROJ17016,JMAN752,04/05/24,03/07/24
PROJ17016,JMAN112,21/08/23,20/10/23
PROJ17016,JMAN8,15/06/23,14/08/23
PROJ17016,JMAN886,10/02/24,10/04/24
PROJ17016,JMAN709,28/08/23,27/10/23
PROJ17016,JMAN646,08/09/23,07/11/23
PROJ17016,JMAN413,05/09/24,04/11/24
PROJ17016,JMAN659,16/08/23,15/10/23
PROJ17016,JMAN392,25/07/24,23/09/24
PROJ17016,JMAN115,30/11/23,29/01/24
PROJ17016,JMAN668,07/02/24,07/04/24
PROJ17016,JMAN918,30/10/23,29/12/23
PROJ17016,JMAN921,23/07/23,21/09/23
PROJ17016,JMAN578,01/02/24,01/04/24
PROJ17016,JMAN467,02/01/24,02/03/24
PROJ17016,JMAN275,30/06/24,29/08/24
PROJ17016,JMAN354,29/06/23,28/08/23
PROJ17016,JMAN316,11/02/24,11/04/24
PROJ17016,JMAN139,02/09/24,01/11/24
PROJ17016,JMAN459,23/06/23,22/08/23
PROJ17016,JMAN570,26/07/24,24/09/24
PROJ17016,JMAN694,29/08/23,28/10/23
PROJ17016,JMAN956,19/08/24,18/10/24
PROJ17016,JMAN166,19/08/24,18/10/24
PROJ91431,JMAN271,16/02/23,17/04/23
PROJ91431,JMAN554,21/02/23,22/04/23
PROJ91431,JMAN155,27/02/23,28/04/23
PROJ91431,JMAN996,12/03/23,11/05/23
PROJ91431,JMAN308,12/03/23,11/05/23
PROJ91431,JMAN652,18/03/23,17/05/23
PROJ91431,JMAN731,15/02/23,16/04/23
PROJ91431,JMAN500,30/01/23,31/03/23
PROJ91431,JMAN310,03/02/23,04/04/23
PROJ91431,JMAN619,04/02/23,05/04/23
PROJ91431,JMAN124,28/02/23,29/04/23
PROJ91431,JMAN278,01/03/23,30/04/23
PROJ91431,JMAN618,19/02/23,20/04/23
PROJ91431,JMAN54,09/03/23,08/05/23
PROJ91431,JMAN260,19/02/23,20/04/23
PROJ91431,JMAN431,15/02/23,16/04/23
PROJ91431,JMAN729,15/02/23,16/04/23
PROJ91431,JMAN350,02/02/23,03/04/23
PROJ91431,JMAN776,23/02/23,24/04/23
PROJ91431,JMAN522,21/02/23,22/04/23
PROJ91431,JMAN971,04/02/23,05/04/23
PROJ91431,JMAN945,01/03/23,30/04/23
PROJ91431,JMAN468,04/03/23,03/05/23
PROJ91431,JMAN29,23/02/23,24/04/23
PROJ91431,JMAN401,15/03/23,14/05/23
PROJ91431,JMAN566,16/02/23,17/04/23
PROJ91431,JMAN627,16/02/23,17/04/23
PROJ91431,JMAN758,20/02/23,21/04/23
PROJ91431,JMAN970,16/03/23,15/05/23
PROJ91431,JMAN700,08/03/23,07/05/23
PROJ91431,JMAN873,05/03/23,04/05/23
PROJ91431,JMAN981,03/03/23,02/05/23
PROJ91431,JMAN588,23/02/23,24/04/23
PROJ91431,JMAN249,21/02/23,22/04/23
PROJ91431,JMAN275,09/03/23,08/05/23
PROJ91431,JMAN142,14/02/23,15/04/23
PROJ91431,JMAN925,17/02/23,18/04/23
PROJ91431,JMAN930,07/02/23,08/04/23
PROJ16775,JMAN126,26/11/23,25/01/24
PROJ16775,JMAN488,03/06/23,02/08/23
PROJ16775,JMAN917,24/03/24,23/05/24
PROJ16775,JMAN377,29/08/24,28/10/24
PROJ16775,JMAN896,11/11/23,10/01/24
PROJ16775,JMAN702,24/08/24,23/10/24
PROJ16775,JMAN752,06/02/24,06/04/24
PROJ16775,JMAN548,12/09/24,11/11/24
PROJ16775,JMAN835,11/10/24,10/12/24
PROJ16775,JMAN124,18/08/24,17/10/24
PROJ16775,JMAN856,24/03/23,23/05/23
PROJ16775,JMAN644,14/08/23,13/10/23
PROJ16775,JMAN983,16/12/23,14/02/24
PROJ16775,JMAN264,15/11/24,14/01/25
PROJ16775,JMAN602,22/07/24,20/09/24
PROJ16775,JMAN327,04/03/24,03/05/24
PROJ16775,JMAN1,08/04/23,07/06/23
PROJ16775,JMAN9,13/04/23,12/06/23
PROJ16775,JMAN369,28/12/23,26/02/24
PROJ16775,JMAN261,15/02/24,15/04/24
PROJ16775,JMAN971,12/05/24,11/07/24
PROJ16775,JMAN411,08/05/24,07/07/24
PROJ16775,JMAN95,25/05/24,24/07/24
PROJ16775,JMAN541,03/04/23,02/06/23
PROJ16775,JMAN459,09/10/23,08/12/23
PROJ16775,JMAN802,21/12/23,19/02/24
PROJ16775,JMAN414,18/01/24,18/03/24
PROJ16775,JMAN203,02/07/23,31/08/23
PROJ16775,JMAN257,18/04/24,17/06/24
PROJ16775,JMAN267,07/06/24,06/08/24
PROJ16775,JMAN700,08/09/24,07/11/24
PROJ16775,JMAN517,16/04/23,15/06/23
PROJ16775,JMAN237,28/09/23,27/11/23
PROJ16775,JMAN285,10/08/24,09/10/24
PROJ16775,JMAN249,05/02/24,05/04/24
PROJ16775,JMAN891,19/04/23,18/06/23
PROJ16775,JMAN570,24/06/23,23/08/23
PROJ16775,JMAN663,10/10/23,09/12/23
PROJ77549,JMAN603,06/05/24,05/07/24
PROJ77549,JMAN377,01/08/24,30/09/24
PROJ77549,JMAN920,19/11/23,18/01/24
PROJ77549,JMAN974,07/02/24,07/04/24
PROJ77549,JMAN969,03/04/24,02/06/24
PROJ77549,JMAN289,17/11/23,16/01/24
PROJ77549,JMAN659,04/07/24,02/09/24
PROJ77549,JMAN454,20/06/24,19/08/24
PROJ77549,JMAN68,10/12/23,08/02/24
PROJ77549,JMAN657,09/04/24,08/06/24
PROJ77549,JMAN511,18/03/24,17/05/24
PROJ77549,JMAN324,09/02/24,09/04/24
PROJ77549,JMAN144,15/08/24,14/10/24
PROJ77549,JMAN27,10/04/24,09/06/24
PROJ77549,JMAN669,09/01/24,09/03/24
PROJ77549,JMAN135,09/05/24,08/07/24
PROJ77549,JMAN510,24/11/23,23/01/24
PROJ77549,JMAN776,04/12/23,02/02/24
PROJ77549,JMAN93,08/12/23,06/02/24
PROJ77549,JMAN434,20/05/24,19/07/24
PROJ77549,JMAN498,27/06/24,26/08/24
PROJ77549,JMAN31,26/01/24,26/03/24
PROJ77549,JMAN75,23/03/24,22/05/24
PROJ77549,JMAN680,06/05/24,05/07/24
PROJ77549,JMAN598,01/04/24,31/05/24
PROJ77549,JMAN392,28/02/24,28/04/24
PROJ77549,JMAN459,17/01/24,17/03/24
PROJ77549,JMAN506,09/11/23,08/01/24
PROJ77549,JMAN962,09/04/24,08/06/24
PROJ77549,JMAN352,26/03/24,25/05/24
PROJ77549,JMAN880,24/05/24,23/07/24
PROJ77549,JMAN257,15/03/24,14/05/24
PROJ77549,JMAN278,21/01/24,21/03/24
PROJ77549,JMAN398,15/03/24,14/05/24
PROJ77549,JMAN374,08/05/24,07/07/24
PROJ77549,JMAN219,07/12/23,05/02/24
PROJ77549,JMAN976,19/01/24,19/03/24
PROJ77549,JMAN614,08/07/24,06/09/24
PROJ42482,JMAN395,15/07/23,13/09/23
PROJ42482,JMAN996,15/05/23,14/07/23
PROJ42482,JMAN271,03/08/23,02/10/23
PROJ42482,JMAN821,09/01/24,09/03/24
PROJ42482,JMAN392,20/09/23,19/11/23
PROJ42482,JMAN251,22/05/23,21/07/23
PROJ42482,JMAN151,13/05/24,12/07/24
PROJ42482,JMAN500,13/05/24,12/07/24
PROJ42482,JMAN441,21/02/23,22/04/23
PROJ42482,JMAN20,17/10/23,16/12/23
PROJ42482,JMAN268,12/06/23,11/08/23
PROJ42482,JMAN979,24/11/23,23/01/24
PROJ42482,JMAN488,26/03/23,25/05/23
PROJ42482,JMAN676,18/08/23,17/10/23
PROJ42482,JMAN279,06/09/23,05/11/23
PROJ42482,JMAN729,08/02/24,08/04/24
PROJ42482,JMAN162,21/05/24,20/07/24
PROJ42482,JMAN112,18/03/23,17/05/23
PROJ42482,JMAN923,20/04/24,19/06/24
PROJ42482,JMAN651,16/03/23,15/05/23
PROJ42482,JMAN350,10/10/23,09/12/23
PROJ42482,JMAN971,26/02/24,26/04/24
PROJ42482,JMAN189,09/09/23,08/11/23
PROJ42482,JMAN455,29/09/23,28/11/23
PROJ42482,JMAN468,11/05/24,10/07/24
PROJ42482,JMAN921,11/03/23,10/05/23
PROJ42482,JMAN31,06/11/23,05/01/24
PROJ42482,JMAN871,24/04/24,23/06/24
PROJ42482,JMAN693,16/09/23,15/11/23
PROJ42482,JMAN486,29/05/24,28/07/24
PROJ42482,JMAN760,06/12/23,04/02/24
PROJ42482,JMAN794,26/04/24,25/06/24
PROJ42482,JMAN824,29/10/23,28/12/23
PROJ42482,JMAN564,26/06/23,25/08/23
PROJ42482,JMAN374,02/05/23,01/07/23
PROJ42482,JMAN876,17/01/24,17/03/24
PROJ42482,JMAN891,13/02/24,13/04/24
PROJ42482,JMAN930,17/02/24,17/04/24
PROJ28645,JMAN271,17/05/24,16/07/24
PROJ28645,JMAN268,17/04/24,16/06/24
PROJ28645,JMAN980,29/03/24,28/05/24
PROJ28645,JMAN337,25/07/24,23/09/24
PROJ28645,JMAN603,05/02/24,05/04/24
PROJ28645,JMAN132,02/02/24,02/04/24
PROJ28645,JMAN478,29/05/24,28/07/24
PROJ28645,JMAN418,08/07/24,06/09/24
PROJ28645,JMAN479,03/07/24,01/09/24
PROJ28645,JMAN484,01/03/24,30/04/24
PROJ28645,JMAN619,03/08/24,02/10/24
PROJ28645,JMAN657,21/09/24,20/11/24
PROJ28645,JMAN817,17/01/24,17/03/24
PROJ28645,JMAN488,30/07/24,28/09/24
PROJ28645,JMAN644,31/05/24,30/07/24
PROJ28645,JMAN327,03/06/24,02/08/24
PROJ28645,JMAN688,27/08/24,26/10/24
PROJ28645,JMAN941,21/04/24,20/06/24
PROJ28645,JMAN981,05/01/24,05/03/24
PROJ28645,JMAN566,08/06/24,07/08/24
PROJ28645,JMAN620,14/09/24,13/11/24
PROJ28645,JMAN20,09/06/24,08/08/24
PROJ28645,JMAN417,14/07/24,12/09/24
PROJ28645,JMAN441,31/07/24,29/09/24
PROJ28645,JMAN414,01/09/24,31/10/24
PROJ28645,JMAN583,02/01/24,02/03/24
PROJ28645,JMAN413,11/05/24,10/07/24
PROJ28645,JMAN814,02/09/24,01/11/24
PROJ28645,JMAN953,30/05/24,29/07/24
PROJ28645,JMAN264,24/06/24,23/08/24
PROJ28645,JMAN228,28/06/24,27/08/24
PROJ28645,JMAN767,31/05/24,30/07/24
PROJ28645,JMAN316,21/08/24,20/10/24
PROJ28645,JMAN956,06/06/24,05/08/24
PROJ28645,JMAN278,09/05/24,08/07/24
PROJ28645,JMAN237,15/01/24,15/03/24
PROJ28645,JMAN176,09/03/24,08/05/24
PROJ28645,JMAN570,21/06/24,20/08/24
PROJ89311,JMAN322,28/05/24,27/07/24
PROJ89311,JMAN379,27/03/24,26/05/24
PROJ89311,JMAN714,29/09/24,28/11/24
PROJ89311,JMAN917,22/06/24,21/08/24
PROJ89311,JMAN945,16/06/24,15/08/24
PROJ89311,JMAN134,14/04/24,13/06/24
PROJ89311,JMAN284,09/04/24,08/06/24
PROJ89311,JMAN68,09/09/24,08/11/24
PROJ89311,JMAN848,20/02/24,20/04/24
PROJ89311,JMAN280,14/11/23,13/01/24
PROJ89311,JMAN689,05/10/24,04/12/24
PROJ89311,JMAN523,19/09/24,18/11/24
PROJ89311,JMAN893,28/03/24,27/05/24
PROJ89311,JMAN110,09/08/24,08/10/24
PROJ89311,JMAN784,29/05/24,28/07/24
PROJ89311,JMAN198,03/11/24,02/01/25
PROJ89311,JMAN923,14/07/24,12/09/24
PROJ89311,JMAN51,06/12/23,04/02/24
PROJ89311,JMAN430,17/07/24,15/09/24
PROJ89311,JMAN804,12/07/24,10/09/24
PROJ89311,JMAN676,03/08/24,02/10/24
PROJ89311,JMAN260,09/06/24,08/08/24
PROJ89311,JMAN582,06/08/24,05/10/24
PROJ89311,JMAN85,08/03/24,07/05/24
PROJ89311,JMAN577,21/04/24,20/06/24
PROJ89311,JMAN707,01/01/24,01/03/24
PROJ89311,JMAN522,21/11/23,20/01/24
PROJ89311,JMAN506,27/10/24,26/12/24
PROJ89311,JMAN352,12/11/23,11/01/24
PROJ89311,JMAN981,14/02/24,14/04/24
PROJ89311,JMAN817,03/10/24,02/12/24
PROJ89311,JMAN257,21/02/24,21/04/24
PROJ89311,JMAN237,19/07/24,17/09/24
PROJ89311,JMAN891,05/07/24,03/09/24
PROJ89311,JMAN398,04/05/24,03/07/24
PROJ89311,JMAN219,06/05/24,05/07/24
PROJ89311,JMAN793,30/12/23,28/02/24
PROJ89311,JMAN371,19/12/23,17/02/24
PROJ31428,JMAN377,13/12/23,11/02/24
PROJ31428,JMAN696,22/05/23,21/07/23
PROJ31428,JMAN471,07/03/23,06/05/23
PROJ31428,JMAN392,14/01/24,14/03/24
PROJ31428,JMAN917,11/12/23,09/02/24
PROJ31428,JMAN394,03/04/23,02/06/23
PROJ31428,JMAN959,23/07/23,21/09/23
PROJ31428,JMAN676,29/04/23,28/06/23
PROJ31428,JMAN963,26/02/23,27/04/23
PROJ31428,JMAN644,12/05/23,11/07/23
PROJ31428,JMAN968,12/02/24,12/04/24
PROJ31428,JMAN704,22/04/23,21/06/23
PROJ31428,JMAN235,02/07/23,31/08/23
PROJ31428,JMAN219,01/03/23,30/04/23
PROJ31428,JMAN669,17/07/23,15/09/23
PROJ31428,JMAN923,12/10/23,11/12/23
PROJ31428,JMAN528,03/11/23,02/01/24
PROJ31428,JMAN135,17/09/23,16/11/23
PROJ31428,JMAN340,20/02/24,20/04/24
PROJ31428,JMAN700,09/07/23,07/09/23
PROJ31428,JMAN894,01/07/23,30/08/23
PROJ31428,JMAN40,30/11/23,29/01/24
PROJ31428,JMAN417,19/10/23,18/12/23
PROJ31428,JMAN577,10/11/23,09/01/24
PROJ31428,JMAN107,31/07/23,29/09/23
PROJ31428,JMAN971,29/03/23,28/05/23
PROJ31428,JMAN741,14/08/23,13/10/23
PROJ31428,JMAN444,18/03/24,17/05/24
PROJ31428,JMAN888,07/02/24,07/04/24
PROJ31428,JMAN257,25/06/23,24/08/23
PROJ31428,JMAN825,25/03/23,24/05/23
PROJ31428,JMAN467,18/05/23,17/07/23
PROJ31428,JMAN852,16/04/23,15/06/23
PROJ31428,JMAN237,11/10/23,10/12/23
PROJ31428,JMAN176,30/07/23,28/09/23
PROJ31428,JMAN652,18/06/23,17/08/23
PROJ31428,JMAN14,27/03/24,26/05/24
PROJ31428,JMAN542,05/12/23,03/02/24
PROJ45282,JMAN93,22/04/23,21/06/23
PROJ45282,JMAN922,23/12/23,21/02/24
PROJ45282,JMAN892,28/02/24,28/04/24
PROJ45282,JMAN399,15/05/23,14/07/23
PROJ45282,JMAN246,05/11/23,04/01/24
PROJ45282,JMAN947,14/08/23,13/10/23
PROJ45282,JMAN29,18/10/23,17/12/23
PROJ45282,JMAN308,20/02/24,20/04/24
PROJ45282,JMAN539,30/01/24,30/03/24
PROJ45282,JMAN103,17/10/23,16/12/23
PROJ45282,JMAN442,05/07/23,03/09/23
PROJ45282,JMAN408,18/08/23,17/10/23
PROJ45282,JMAN937,16/12/23,14/02/24
PROJ45282,JMAN418,21/04/23,20/06/23
PROJ45282,JMAN991,24/01/24,24/03/24
PROJ45282,JMAN452,10/12/23,08/02/24
PROJ45282,JMAN253,29/02/24,29/04/24
PROJ45282,JMAN688,27/01/24,27/03/24
PROJ45282,JMAN934,05/12/23,03/02/24
PROJ45282,JMAN350,16/03/24,15/05/24
PROJ45282,JMAN918,19/10/23,18/12/23
PROJ45282,JMAN95,14/12/23,12/02/24
PROJ45282,JMAN350,28/11/23,27/01/24
PROJ45282,JMAN115,07/03/24,06/05/24
PROJ45282,JMAN787,27/09/23,26/11/23
PROJ45282,JMAN412,24/06/23,23/08/23
PROJ45282,JMAN582,21/08/23,20/10/23
PROJ45282,JMAN743,12/02/24,12/04/24
PROJ45282,JMAN796,16/11/23,15/01/24
PROJ45282,JMAN825,24/07/23,22/09/23
PROJ45282,JMAN971,19/09/23,18/11/23
PROJ45282,JMAN356,09/05/23,08/07/23
PROJ45282,JMAN517,07/12/23,05/02/24
PROJ45282,JMAN672,19/07/23,17/09/23
PROJ45282,JMAN431,03/09/23,02/11/23
PROJ45282,JMAN304,09/09/23,08/11/23
PROJ45282,JMAN75,20/08/23,19/10/23
PROJ45282,JMAN876,02/11/23,01/01/24
PROJ41414,JMAN758,28/02/24,28/04/24
PROJ41414,JMAN93,05/08/24,04/10/24
PROJ41414,JMAN974,14/04/24,13/06/24
PROJ41414,JMAN969,10/08/23,09/10/23
PROJ41414,JMAN487,20/08/24,19/10/24
PROJ41414,JMAN169,18/01/24,18/03/24
PROJ41414,JMAN849,02/04/23,01/06/23
PROJ41414,JMAN418,01/03/24,30/04/24
PROJ41414,JMAN539,26/03/24,25/05/24
PROJ41414,JMAN427,13/05/23,12/07/23
PROJ41414,JMAN714,02/06/24,01/08/24
PROJ41414,JMAN963,04/06/24,03/08/24
PROJ41414,JMAN934,13/03/24,12/05/24
PROJ41414,JMAN871,07/05/23,06/07/23
PROJ41414,JMAN279,31/05/23,30/07/23
PROJ41414,JMAN664,25/01/24,25/03/24
PROJ41414,JMAN882,01/10/23,30/11/23
PROJ41414,JMAN622,24/07/23,22/09/23
PROJ41414,JMAN204,28/02/24,28/04/24
PROJ41414,JMAN189,12/07/23,10/09/23
PROJ41414,JMAN646,02/07/24,31/08/24
PROJ41414,JMAN340,22/10/23,21/12/23
PROJ41414,JMAN12,17/02/23,18/04/23
PROJ41414,JMAN741,22/08/23,21/10/23
PROJ41414,JMAN971,13/05/23,12/07/23
PROJ41414,JMAN5,01/11/23,31/12/23
PROJ41414,JMAN620,18/03/23,17/05/23
PROJ41414,JMAN298,11/09/23,10/11/23
PROJ41414,JMAN817,22/08/23,21/10/23
PROJ41414,JMAN562,28/03/23,27/05/23
PROJ41414,JMAN477,17/04/24,16/06/24
PROJ41414,JMAN825,28/05/23,27/07/23
PROJ41414,JMAN767,20/05/24,19/07/24
PROJ41414,JMAN925,22/09/24,21/11/24
PROJ41414,JMAN793,05/11/23,04/01/24
PROJ41414,JMAN666,18/12/23,16/02/24
PROJ41414,JMAN309,03/10/23,02/12/23
PROJ41414,JMAN976,25/11/23,24/01/24
PROJ14437,JMAN974,08/07/23,06/09/23
PROJ14437,JMAN548,25/12/22,23/02/23
PROJ14437,JMAN313,05/03/23,04/05/23
PROJ14437,JMAN454,12/02/23,13/04/23
PROJ14437,JMAN853,21/02/23,22/04/23
PROJ14437,JMAN947,30/06/23,29/08/23
PROJ14437,JMAN959,06/08/23,05/10/23
PROJ14437,JMAN267,27/02/23,28/04/23
PROJ14437,JMAN980,13/07/23,11/09/23
PROJ14437,JMAN710,06/06/23,05/08/23
PROJ14437,JMAN124,30/06/23,29/08/23
PROJ14437,JMAN848,06/01/23,07/03/23
PROJ14437,JMAN281,05/02/23,06/04/23
PROJ14437,JMAN934,17/07/23,15/09/23
PROJ14437,JMAN148,08/07/23,06/09/23
PROJ14437,JMAN135,02/03/23,01/05/23
PROJ14437,JMAN253,10/06/23,09/08/23
PROJ14437,JMAN709,20/08/23,19/10/23
PROJ14437,JMAN589,18/10/23,17/12/23
PROJ14437,JMAN668,19/12/22,17/02/23
PROJ14437,JMAN945,31/03/23,30/05/23
PROJ14437,JMAN95,06/12/22,04/02/23
PROJ14437,JMAN414,22/09/23,21/11/23
PROJ14437,JMAN94,12/08/23,11/10/23
PROJ14437,JMAN481,20/09/23,19/11/23
PROJ14437,JMAN787,15/12/22,13/02/23
PROJ14437,JMAN659,30/11/22,29/01/23
PROJ14437,JMAN353,08/12/22,06/02/23
PROJ14437,JMAN136,23/08/23,22/10/23
PROJ14437,JMAN517,17/08/23,16/10/23
PROJ14437,JMAN545,14/10/23,13/12/23
PROJ14437,JMAN203,01/12/22,30/01/23
PROJ14437,JMAN995,15/08/23,14/10/23
PROJ14437,JMAN83,01/06/23,31/07/23
PROJ14437,JMAN694,09/04/23,08/06/23
PROJ14437,JMAN997,02/05/23,01/07/23
PROJ14437,JMAN407,02/04/23,01/06/23
PROJ14437,JMAN170,03/03/23,02/05/23
PROJ37616,JMAN349,12/02/24,12/04/24
PROJ37616,JMAN904,12/01/24,12/03/24
PROJ37616,JMAN93,18/05/24,17/07/24
PROJ37616,JMAN554,31/05/24,30/07/24
PROJ37616,JMAN268,04/12/23,02/02/24
PROJ37616,JMAN412,01/08/24,30/09/24
PROJ37616,JMAN847,10/06/24,09/08/24
PROJ37616,JMAN389,27/11/23,26/01/24
PROJ37616,JMAN280,16/02/24,16/04/24
PROJ37616,JMAN628,15/06/24,14/08/24
PROJ37616,JMAN714,02/04/24,01/06/24
PROJ37616,JMAN813,01/04/24,31/05/24
PROJ37616,JMAN469,26/04/24,25/06/24
PROJ37616,JMAN937,09/07/24,07/09/24
PROJ37616,JMAN110,11/12/23,09/02/24
PROJ37616,JMAN923,21/01/24,21/03/24
PROJ37616,JMAN482,03/07/24,01/09/24
PROJ37616,JMAN647,08/02/24,08/04/24
PROJ37616,JMAN195,03/06/24,02/08/24
PROJ37616,JMAN323,03/04/24,02/06/24
PROJ37616,JMAN991,02/02/24,02/04/24
PROJ37616,JMAN81,05/06/24,04/08/24
PROJ37616,JMAN804,11/07/24,09/09/24
PROJ37616,JMAN762,18/04/24,17/06/24
PROJ37616,JMAN864,19/03/24,18/05/24
PROJ37616,JMAN417,27/07/24,25/09/24
PROJ37616,JMAN257,05/04/24,04/06/24
PROJ37616,JMAN760,22/02/24,22/04/24
PROJ37616,JMAN662,13/07/24,11/09/24
PROJ37616,JMAN477,28/07/24,26/09/24
PROJ37616,JMAN693,31/07/24,29/09/24
PROJ37616,JMAN423,27/11/23,26/01/24
PROJ37616,JMAN605,10/12/23,08/02/24
PROJ37616,JMAN773,11/05/24,10/07/24
PROJ37616,JMAN737,22/06/24,21/08/24
PROJ37616,JMAN504,18/07/24,16/09/24
PROJ37616,JMAN169,26/05/24,25/07/24
PROJ37616,JMAN278,17/06/24,16/08/24
PROJ79873,JMAN399,16/12/22,14/02/23
PROJ79873,JMAN123,18/12/22,16/02/23
PROJ79873,JMAN945,06/01/23,07/03/23
PROJ79873,JMAN337,05/12/22,03/02/23
PROJ79873,JMAN974,17/01/23,18/03/23
PROJ79873,JMAN425,01/01/23,02/03/23
PROJ79873,JMAN493,06/02/23,07/04/23
PROJ79873,JMAN849,09/02/23,10/04/23
PROJ79873,JMAN298,15/02/23,16/04/23
PROJ79873,JMAN930,18/01/23,19/03/23
PROJ79873,JMAN255,09/02/23,10/04/23
PROJ79873,JMAN468,21/02/23,22/04/23
PROJ79873,JMAN264,19/01/23,20/03/23
PROJ79873,JMAN146,06/02/23,07/04/23
PROJ79873,JMAN245,19/12/22,17/02/23
PROJ79873,JMAN430,28/01/23,29/03/23
PROJ79873,JMAN920,17/02/23,18/04/23
PROJ79873,JMAN776,24/02/23,25/04/23
PROJ79873,JMAN327,28/01/23,29/03/23
PROJ79873,JMAN680,16/01/23,17/03/23
PROJ79873,JMAN757,06/12/22,04/02/23
PROJ79873,JMAN5,15/02/23,16/04/23
PROJ79873,JMAN414,28/01/23,29/03/23
PROJ79873,JMAN601,17/01/23,18/03/23
PROJ79873,JMAN81,29/12/22,27/02/23
PROJ79873,JMAN598,17/01/23,18/03/23
PROJ79873,JMAN668,17/12/22,15/02/23
PROJ79873,JMAN444,17/12/22,15/02/23
PROJ79873,JMAN588,25/01/23,26/03/23
PROJ79873,JMAN902,05/02/23,06/04/23
PROJ79873,JMAN477,14/01/23,15/03/23
PROJ79873,JMAN339,20/12/22,18/02/23
PROJ79873,JMAN798,27/12/22,25/02/23
PROJ79873,JMAN652,09/12/22,07/02/23
PROJ79873,JMAN576,22/01/23,23/03/23
PROJ79873,JMAN755,10/01/23,11/03/23
PROJ79873,JMAN224,02/02/23,03/04/23
PROJ79873,JMAN793,08/02/23,09/04/23
PROJ48317,JMAN349,15/01/24,15/03/24
PROJ48317,JMAN271,07/03/24,06/05/24
PROJ48317,JMAN554,18/02/24,18/04/24
PROJ48317,JMAN780,18/01/24,18/03/24
PROJ48317,JMAN480,13/02/24,13/04/24
PROJ48317,JMAN143,19/03/24,18/05/24
PROJ48317,JMAN938,12/03/24,11/05/24
PROJ48317,JMAN478,08/02/24,08/04/24
PROJ48317,JMAN310,12/03/24,11/05/24
PROJ48317,JMAN848,12/03/24,11/05/24
PROJ48317,JMAN539,26/03/24,25/05/24
PROJ48317,JMAN210,08/02/24,08/04/24
PROJ48317,JMAN196,14/02/24,14/04/24
PROJ48317,JMAN550,11/03/24,10/05/24
PROJ48317,JMAN502,28/02/24,28/04/24
PROJ48317,JMAN300,17/02/24,17/04/24
PROJ48317,JMAN62,03/01/24,03/03/24
PROJ48317,JMAN15,06/02/24,06/04/24
PROJ48317,JMAN423,03/02/24,03/04/24
PROJ48317,JMAN75,29/02/24,29/04/24
PROJ48317,JMAN918,01/01/24,01/03/24
PROJ48317,JMAN481,04/02/24,04/04/24
PROJ48317,JMAN843,11/01/24,11/03/24
PROJ48317,JMAN762,16/02/24,16/04/24
PROJ48317,JMAN607,12/01/24,12/03/24
PROJ48317,JMAN417,04/03/24,03/05/24
PROJ48317,JMAN700,08/01/24,08/03/24
PROJ48317,JMAN892,17/02/24,17/04/24
PROJ48317,JMAN512,02/01/24,02/03/24
PROJ48317,JMAN902,01/03/24,30/04/24
PROJ48317,JMAN203,24/02/24,24/04/24
PROJ48317,JMAN605,25/01/24,25/03/24
PROJ48317,JMAN707,03/02/24,03/04/24
PROJ48317,JMAN170,02/02/24,02/04/24
PROJ48317,JMAN773,15/01/24,15/03/24
PROJ48317,JMAN820,25/01/24,25/03/24
PROJ48317,JMAN614,12/01/24,12/03/24
PROJ48317,JMAN618,11/01/24,11/03/24
PROJ76870,JMAN313,25/04/24,24/06/24
PROJ76870,JMAN603,18/03/24,17/05/24
PROJ76870,JMAN246,24/03/24,23/05/24
PROJ76870,JMAN487,18/04/24,17/06/24
PROJ76870,JMAN646,19/04/24,18/06/24
PROJ76870,JMAN810,04/03/24,03/05/24
PROJ76870,JMAN312,04/04/24,03/06/24
PROJ76870,JMAN12,25/03/24,24/05/24
PROJ76870,JMAN70,07/03/24,06/05/24
PROJ76870,JMAN121,22/03/24,21/05/24
PROJ76870,JMAN484,02/03/24,01/05/24
PROJ76870,JMAN208,03/03/24,02/05/24
PROJ76870,JMAN281,08/03/24,07/05/24
PROJ76870,JMAN784,23/03/24,22/05/24
PROJ76870,JMAN197,14/04/24,13/06/24
PROJ76870,JMAN44,25/04/24,24/06/24
PROJ76870,JMAN162,18/04/24,17/06/24
PROJ76870,JMAN729,05/04/24,04/06/24
PROJ76870,JMAN53,10/04/24,09/06/24
PROJ76870,JMAN48,11/03/24,10/05/24
PROJ76870,JMAN541,02/04/24,01/06/24
PROJ76870,JMAN762,21/04/24,20/06/24
PROJ76870,JMAN94,05/03/24,04/05/24
PROJ76870,JMAN174,06/04/24,05/06/24
PROJ76870,JMAN659,13/04/24,12/06/24
PROJ76870,JMAN588,26/04/24,25/06/24
PROJ76870,JMAN414,05/03/24,04/05/24
PROJ76870,JMAN331,17/04/24,16/06/24
PROJ76870,JMAN380,31/03/24,30/05/24
PROJ76870,JMAN995,04/03/24,03/05/24
PROJ76870,JMAN545,18/04/24,17/06/24
PROJ76870,JMAN700,02/04/24,01/06/24
PROJ76870,JMAN472,14/04/24,13/06/24
PROJ76870,JMAN847,07/03/24,06/05/24
PROJ76870,JMAN963,10/03/24,09/05/24
PROJ76870,JMAN327,14/04/24,13/06/24
PROJ76870,JMAN930,13/04/24,12/06/24
PROJ76870,JMAN270,05/03/24,04/05/24
PROJ95270,JMAN349,30/10/22,29/12/22
PROJ95270,JMAN688,22/10/22,21/12/22
PROJ95270,JMAN395,19/11/22,18/01/23
PROJ95270,JMAN246,25/10/22,24/12/22
PROJ95270,JMAN131,22/10/22,21/12/22
PROJ95270,JMAN823,07/12/22,05/02/23
PROJ95270,JMAN47,15/11/22,14/01/23
PROJ95270,JMAN676,15/11/22,14/01/23
PROJ95270,JMAN887,02/12/22,31/01/23
PROJ95270,JMAN124,07/10/22,06/12/22
PROJ95270,JMAN835,26/11/22,25/01/23
PROJ95270,JMAN103,03/10/22,02/12/22
PROJ95270,JMAN110,30/10/22,29/12/22
PROJ95270,JMAN138,05/12/22,03/02/23
PROJ95270,JMAN27,25/10/22,24/12/22
PROJ95270,JMAN452,13/11/22,12/01/23
PROJ95270,JMAN340,21/10/22,20/12/22
PROJ95270,JMAN864,26/10/22,25/12/22
PROJ95270,JMAN300,19/11/22,18/01/23
PROJ95270,JMAN81,04/12/22,02/02/23
PROJ95270,JMAN811,10/10/22,09/12/22
PROJ95270,JMAN20,29/11/22,28/01/23
PROJ95270,JMAN414,30/11/22,29/01/23
PROJ95270,JMAN40,24/09/22,23/11/22
PROJ95270,JMAN707,05/10/22,04/12/22
PROJ95270,JMAN616,08/10/22,07/12/22
PROJ95270,JMAN541,03/11/22,02/01/23
PROJ95270,JMAN298,01/10/22,30/11/22
PROJ95270,JMAN331,18/10/22,17/12/22
PROJ95270,JMAN147,20/10/22,19/12/22
PROJ95270,JMAN902,20/11/22,19/01/23
PROJ95270,JMAN506,23/11/22,22/01/23
PROJ95270,JMAN380,08/11/22,07/01/23
PROJ95270,JMAN431,04/11/22,03/01/23
PROJ95270,JMAN863,11/10/22,10/12/22
PROJ95270,JMAN672,24/11/22,23/01/23
PROJ95270,JMAN275,10/10/22,09/12/22
PROJ95270,JMAN694,15/10/22,14/12/22
PROJ98201,JMAN969,11/09/23,10/11/23
PROJ98201,JMAN617,26/08/23,25/10/23
PROJ98201,JMAN487,23/09/23,22/11/23
PROJ98201,JMAN920,30/08/23,29/10/23
PROJ98201,JMAN548,20/09/23,19/11/23
PROJ98201,JMAN131,20/08/23,19/10/23
PROJ98201,JMAN860,19/09/23,18/11/23
PROJ98201,JMAN29,27/09/23,26/11/23
PROJ98201,JMAN278,15/09/23,14/11/23
PROJ98201,JMAN856,17/09/23,16/11/23
PROJ98201,JMAN255,05/09/23,04/11/23
PROJ98201,JMAN379,06/09/23,05/11/23
PROJ98201,JMAN235,26/09/23,25/11/23
PROJ98201,JMAN27,18/09/23,17/11/23
PROJ98201,JMAN226,20/09/23,19/11/23
PROJ98201,JMAN906,31/08/23,30/10/23
PROJ98201,JMAN510,10/09/23,09/11/23
PROJ98201,JMAN528,10/09/23,09/11/23
PROJ98201,JMAN774,24/08/23,23/10/23
PROJ98201,JMAN434,23/09/23,22/11/23
PROJ98201,JMAN297,16/09/23,15/11/23
PROJ98201,JMAN582,01/09/23,31/10/23
PROJ98201,JMAN836,01/09/23,31/10/23
PROJ98201,JMAN261,22/09/23,21/11/23
PROJ98201,JMAN5,28/08/23,27/10/23
PROJ98201,JMAN31,18/08/23,17/10/23
PROJ98201,JMAN411,21/08/23,20/10/23
PROJ98201,JMAN467,25/09/23,24/11/23
PROJ98201,JMAN206,25/09/23,24/11/23
PROJ98201,JMAN994,27/08/23,26/10/23
PROJ98201,JMAN980,13/09/23,12/11/23
PROJ98201,JMAN354,23/08/23,22/10/23
PROJ98201,JMAN871,22/08/23,21/10/23
PROJ98201,JMAN989,01/09/23,31/10/23
PROJ98201,JMAN270,28/08/23,27/10/23
PROJ98201,JMAN176,24/09/23,23/11/23
PROJ98201,JMAN215,23/08/23,22/10/23
PROJ98201,JMAN666,23/08/23,22/10/23
PROJ96139,JMAN3,15/01/24,15/03/24
PROJ96139,JMAN510,05/12/23,03/02/24
PROJ96139,JMAN123,01/11/23,31/12/23
PROJ96139,JMAN93,17/10/23,16/12/23
PROJ96139,JMAN551,06/12/23,04/02/24
PROJ96139,JMAN143,06/11/23,05/01/24
PROJ96139,JMAN907,19/11/23,18/01/24
PROJ96139,JMAN62,27/10/23,26/12/23
PROJ96139,JMAN271,11/11/23,10/01/24
PROJ96139,JMAN484,13/01/24,13/03/24
PROJ96139,JMAN471,21/12/23,19/02/24
PROJ96139,JMAN729,01/01/24,01/03/24
PROJ96139,JMAN769,12/10/23,11/12/23
PROJ96139,JMAN728,05/12/23,03/02/24
PROJ96139,JMAN842,02/12/23,31/01/24
PROJ96139,JMAN482,11/12/23,09/02/24
PROJ96139,JMAN713,11/11/23,10/01/24
PROJ96139,JMAN655,16/10/23,15/12/23
PROJ96139,JMAN640,20/10/23,19/12/23
PROJ96139,JMAN106,15/11/23,14/01/24
PROJ96139,JMAN498,13/12/23,11/02/24
PROJ96139,JMAN392,24/10/23,23/12/23
PROJ96139,JMAN417,13/11/23,12/01/24
PROJ96139,JMAN257,09/01/24,09/03/24
PROJ96139,JMAN297,07/11/23,06/01/24
PROJ96139,JMAN459,15/12/23,13/02/24
PROJ96139,JMAN921,16/11/23,15/01/24
PROJ96139,JMAN877,07/01/24,07/03/24
PROJ96139,JMAN980,23/11/23,22/01/24
PROJ96139,JMAN888,14/12/23,12/02/24
PROJ96139,JMAN316,12/12/23,10/02/24
PROJ96139,JMAN139,25/10/23,24/12/23
PROJ96139,JMAN892,07/11/23,06/01/24
PROJ96139,JMAN978,24/10/23,23/12/23
PROJ96139,JMAN374,01/12/23,30/01/24
PROJ96139,JMAN833,29/10/23,28/12/23
PROJ96139,JMAN576,07/12/23,05/02/24
PROJ96139,JMAN219,05/12/23,03/02/24
PROJ62053,JMAN633,05/12/23,03/02/24
PROJ62053,JMAN155,12/07/23,10/09/23
PROJ62053,JMAN780,23/05/23,22/07/23
PROJ62053,JMAN778,26/11/23,25/01/24
PROJ62053,JMAN617,23/07/23,21/09/23
PROJ62053,JMAN45,10/01/24,10/03/24
PROJ62053,JMAN946,25/07/23,23/09/23
PROJ62053,JMAN504,21/08/23,20/10/23
PROJ62053,JMAN580,16/09/23,15/11/23
PROJ62053,JMAN751,20/07/23,18/09/23
PROJ62053,JMAN298,08/08/23,07/10/23
PROJ62053,JMAN427,16/09/23,15/11/23
PROJ62053,JMAN115,29/04/23,28/06/23
PROJ62053,JMAN138,22/07/23,20/09/23
PROJ62053,JMAN903,02/05/23,01/07/23
PROJ62053,JMAN9,01/12/23,30/01/24
PROJ62053,JMAN510,16/12/23,14/02/24
PROJ62053,JMAN526,08/06/23,07/08/23
PROJ62053,JMAN93,03/05/23,02/07/23
PROJ62053,JMAN627,13/12/23,11/02/24
PROJ62053,JMAN260,06/10/23,05/12/23
PROJ62053,JMAN918,08/01/24,08/03/24
PROJ62053,JMAN46,22/07/23,20/09/23
PROJ62053,JMAN261,23/08/23,22/10/23
PROJ62053,JMAN616,06/09/23,05/11/23
PROJ62053,JMAN811,02/05/23,01/07/23
PROJ62053,JMAN192,15/11/23,14/01/24
PROJ62053,JMAN700,14/05/23,13/07/23
PROJ62053,JMAN953,20/08/23,19/10/23
PROJ62053,JMAN994,05/01/24,05/03/24
PROJ62053,JMAN974,17/06/23,16/08/23
PROJ62053,JMAN798,02/08/23,01/10/23
PROJ62053,JMAN444,16/09/23,15/11/23
PROJ62053,JMAN925,29/07/23,27/09/23
PROJ62053,JMAN708,19/05/23,18/07/23
PROJ62053,JMAN249,21/12/23,19/02/24
PROJ62053,JMAN767,16/06/23,15/08/23
PROJ62053,JMAN67,24/08/23,23/10/23
PROJ57160,JMAN137,03/07/22,01/09/22
PROJ57160,JMAN298,22/01/23,23/03/23
PROJ57160,JMAN3,25/07/22,23/09/22
PROJ57160,JMAN370,12/07/22,10/09/22
PROJ57160,JMAN379,05/08/22,04/10/22
PROJ57160,JMAN257,16/09/22,15/11/22
PROJ57160,JMAN719,04/01/23,05/03/23
PROJ57160,JMAN342,05/09/22,04/11/22
PROJ57160,JMAN62,27/06/22,26/08/22
PROJ57160,JMAN858,18/12/22,16/02/23
PROJ57160,JMAN830,28/07/22,26/09/22
PROJ57160,JMAN922,04/08/22,03/10/22
PROJ57160,JMAN784,22/07/22,20/09/22
PROJ57160,JMAN355,15/01/23,16/03/23
PROJ57160,JMAN734,18/08/22,17/10/22
PROJ57160,JMAN640,27/07/22,25/09/22
PROJ57160,JMAN533,16/09/22,15/11/22
PROJ57160,JMAN906,28/12/22,26/02/23
PROJ57160,JMAN622,24/12/22,22/02/23
PROJ57160,JMAN29,07/11/22,06/01/23
PROJ57160,JMAN802,08/07/22,06/09/22
PROJ57160,JMAN616,30/12/22,28/02/23
PROJ57160,JMAN411,15/11/22,14/01/23
PROJ57160,JMAN46,05/10/22,04/12/22
PROJ57160,JMAN417,01/12/22,30/01/23
PROJ57160,JMAN712,18/11/22,17/01/23
PROJ57160,JMAN455,01/08/22,30/09/22
PROJ57160,JMAN517,19/07/22,17/09/22
PROJ57160,JMAN767,07/01/23,08/03/23
PROJ57160,JMAN111,13/08/22,12/10/22
PROJ57160,JMAN494,19/12/22,17/02/23
PROJ57160,JMAN605,26/06/22,25/08/22
PROJ57160,JMAN962,10/09/22,09/11/22
PROJ57160,JMAN14,27/07/22,25/09/22
PROJ57160,JMAN449,25/09/22,24/11/22
PROJ57160,JMAN672,25/11/22,24/01/23
PROJ57160,JMAN274,09/12/22,07/02/23
PROJ57160,JMAN349,18/07/22,16/09/22
PROJ24647,JMAN396,22/02/25,23/04/25
PROJ24647,JMAN93,15/09/24,14/11/24
PROJ24647,JMAN996,27/06/25,26/08/25
PROJ24647,JMAN412,17/07/25,15/09/25
PROJ24647,JMAN93,09/05/25,08/07/25
PROJ24647,JMAN236,16/05/24,15/07/24
PROJ24647,JMAN312,13/08/24,12/10/24
PROJ24647,JMAN64,16/06/25,15/08/25
PROJ24647,JMAN858,12/04/25,11/06/25
PROJ24647,JMAN601,01/06/25,31/07/25
PROJ24647,JMAN208,25/11/24,24/01/25
PROJ24647,JMAN23,20/03/25,19/05/25
PROJ24647,JMAN60,07/02/25,08/04/25
PROJ24647,JMAN550,23/03/25,22/05/25
PROJ24647,JMAN609,11/07/25,09/09/25
PROJ24647,JMAN981,23/07/25,21/09/25
PROJ24647,JMAN162,13/09/24,12/11/24
PROJ24647,JMAN9,16/09/24,15/11/24
PROJ24647,JMAN906,03/02/25,04/04/25
PROJ24647,JMAN759,21/11/24,20/01/25
PROJ24647,JMAN410,14/02/25,15/04/25
PROJ24647,JMAN299,08/08/25,07/10/25
PROJ24647,JMAN106,09/06/24,08/08/24
PROJ24647,JMAN864,11/03/24,10/05/24
PROJ24647,JMAN920,28/02/25,29/04/25
PROJ24647,JMAN434,09/12/24,07/02/25
PROJ24647,JMAN226,11/01/25,12/03/25
PROJ24647,JMAN964,21/08/24,20/10/24
PROJ24647,JMAN578,27/09/24,26/11/24
PROJ24647,JMAN467,15/07/24,13/09/24
PROJ24647,JMAN824,09/01/25,10/03/25
PROJ24647,JMAN339,03/04/25,02/06/25
PROJ24647,JMAN2,17/07/24,15/09/24
PROJ24647,JMAN215,25/04/25,24/06/25
PROJ24647,JMAN946,19/08/24,18/10/24
PROJ24647,JMAN570,16/03/24,15/05/24
PROJ24647,JMAN4,02/02/24,02/04/24
PROJ24647,JMAN847,14/07/24,12/09/24
PROJ14180,JMAN93,27/06/24,26/08/24
PROJ14180,JMAN370,19/08/24,18/10/24
PROJ14180,JMAN904,04/02/24,04/04/24
PROJ14180,JMAN322,14/01/25,15/03/25
PROJ14180,JMAN721,31/01/25,01/04/25
PROJ14180,JMAN810,17/08/24,16/10/24
PROJ14180,JMAN267,09/01/25,10/03/25
PROJ14180,JMAN454,28/06/24,27/08/24
PROJ14180,JMAN258,09/01/24,09/03/24
PROJ14180,JMAN124,22/04/24,21/06/24
PROJ14180,JMAN678,25/04/24,24/06/24
PROJ14180,JMAN856,02/09/24,01/11/24
PROJ14180,JMAN712,19/12/24,17/02/25
PROJ14180,JMAN981,14/02/25,15/04/25
PROJ14180,JMAN508,23/08/24,22/10/24
PROJ14180,JMAN923,06/11/24,05/01/25
PROJ14180,JMAN533,02/11/24,01/01/25
PROJ14180,JMAN713,09/11/24,08/01/25
PROJ14180,JMAN198,06/07/24,04/09/24
PROJ14180,JMAN620,11/01/24,11/03/24
PROJ14180,JMAN608,12/10/24,11/12/24
PROJ14180,JMAN223,17/02/25,18/04/25
PROJ14180,JMAN174,06/04/24,05/06/24
PROJ14180,JMAN106,29/08/24,28/10/24
PROJ14180,JMAN627,16/09/24,15/11/24
PROJ14180,JMAN583,01/10/24,30/11/24
PROJ14180,JMAN441,28/06/24,27/08/24
PROJ14180,JMAN316,05/09/24,04/11/24
PROJ14180,JMAN257,13/01/25,14/03/25
PROJ14180,JMAN588,12/10/24,11/12/24
PROJ14180,JMAN356,07/06/24,06/08/24
PROJ14180,JMAN700,07/09/24,06/11/24
PROJ14180,JMAN892,14/12/24,12/02/25
PROJ14180,JMAN863,13/04/24,12/06/24
PROJ14180,JMAN925,15/01/25,16/03/25
PROJ14180,JMAN398,24/02/25,25/04/25
PROJ14180,JMAN665,18/03/24,17/05/24
PROJ14180,JMAN997,12/04/24,11/06/24
PROJ35558,JMAN123,01/01/23,02/03/23
PROJ35558,JMAN377,28/02/23,29/04/23
PROJ35558,JMAN22,08/05/23,07/07/23
PROJ35558,JMAN554,21/04/23,20/06/23
PROJ35558,JMAN44,19/01/23,20/03/23
PROJ35558,JMAN784,03/05/23,02/07/23
PROJ35558,JMAN342,28/04/23,27/06/23
PROJ35558,JMAN187,22/06/23,21/08/23
PROJ35558,JMAN539,03/01/23,04/03/23
PROJ35558,JMAN62,22/05/23,21/07/23
PROJ35558,JMAN255,13/01/23,14/03/23
PROJ35558,JMAN103,04/06/23,03/08/23
PROJ35558,JMAN54,07/04/23,06/06/23
PROJ35558,JMAN235,16/03/23,15/05/23
PROJ35558,JMAN148,22/02/23,23/04/23
PROJ35558,JMAN154,07/02/23,08/04/23
PROJ35558,JMAN846,31/05/23,30/07/23
PROJ35558,JMAN59,01/01/23,02/03/23
PROJ35558,JMAN1,16/05/23,15/07/23
PROJ35558,JMAN836,10/04/23,09/06/23
PROJ35558,JMAN721,11/05/23,10/07/23
PROJ35558,JMAN651,15/03/23,14/05/23
PROJ35558,JMAN646,26/05/23,25/07/23
PROJ35558,JMAN106,23/02/23,24/04/23
PROJ35558,JMAN583,28/02/23,29/04/23
PROJ35558,JMAN297,16/02/23,17/04/23
PROJ35558,JMAN413,21/04/23,20/06/23
PROJ35558,JMAN206,18/02/23,19/04/23
PROJ35558,JMAN980,17/04/23,16/06/23
PROJ35558,JMAN758,05/02/23,06/04/23
PROJ35558,JMAN743,11/06/23,10/08/23
PROJ35558,JMAN111,09/05/23,08/07/23
PROJ35558,JMAN707,29/03/23,28/05/23
PROJ35558,JMAN773,21/06/23,20/08/23
PROJ35558,JMAN940,18/03/23,17/05/23
PROJ35558,JMAN976,20/01/23,21/03/23
PROJ35558,JMAN618,01/03/23,30/04/23
PROJ35558,JMAN219,21/02/23,22/04/23
PROJ50489,JMAN406,01/10/23,30/11/23
PROJ50489,JMAN51,20/11/23,19/01/24
PROJ50489,JMAN590,15/10/23,14/12/23
PROJ50489,JMAN396,18/08/23,17/10/23
PROJ50489,JMAN974,14/09/23,13/11/23
PROJ50489,JMAN667,28/10/23,27/12/23
PROJ50489,JMAN849,03/12/23,01/02/24
PROJ50489,JMAN548,02/10/23,01/12/23
PROJ50489,JMAN714,24/09/23,23/11/23
PROJ50489,JMAN527,09/12/23,07/02/24
PROJ50489,JMAN109,05/10/23,04/12/23
PROJ50489,JMAN427,19/12/23,17/02/24
PROJ50489,JMAN502,20/12/23,18/02/24
PROJ50489,JMAN279,16/10/23,15/12/23
PROJ50489,JMAN609,12/11/23,11/01/24
PROJ50489,JMAN652,26/11/23,25/01/24
PROJ50489,JMAN934,23/12/23,21/02/24
PROJ50489,JMAN576,30/11/23,29/01/24
PROJ50489,JMAN677,14/10/23,13/12/23
PROJ50489,JMAN401,27/09/23,26/11/23
PROJ50489,JMAN819,28/11/23,27/01/24
PROJ50489,JMAN223,28/08/23,27/10/23
PROJ50489,JMAN705,29/08/23,28/10/23
PROJ50489,JMAN46,23/08/23,22/10/23
PROJ50489,JMAN85,08/12/23,06/02/24
PROJ50489,JMAN392,29/09/23,28/11/23
PROJ50489,JMAN192,31/08/23,30/10/23
PROJ50489,JMAN852,25/12/23,23/02/24
PROJ50489,JMAN139,31/10/23,30/12/23
PROJ50489,JMAN247,02/11/23,01/01/24
PROJ50489,JMAN145,21/10/23,20/12/23
PROJ50489,JMAN228,30/08/23,29/10/23
PROJ50489,JMAN467,03/12/23,01/02/24
PROJ50489,JMAN275,28/08/23,27/10/23
PROJ50489,JMAN963,29/08/23,28/10/23
PROJ50489,JMAN564,08/10/23,07/12/23
PROJ50489,JMAN940,01/10/23,30/11/23
PROJ50489,JMAN708,18/11/23,17/01/24
PROJ41487,JMAN379,05/09/23,04/11/23
PROJ41487,JMAN646,25/10/23,24/12/23
PROJ41487,JMAN714,14/08/23,13/10/23
PROJ41487,JMAN604,21/02/23,22/04/23
PROJ41487,JMAN396,04/09/23,03/11/23
PROJ41487,JMAN296,29/03/23,28/05/23
PROJ41487,JMAN62,08/04/23,07/06/23
PROJ41487,JMAN548,23/08/23,22/10/23
PROJ41487,JMAN501,17/05/23,16/07/23
PROJ41487,JMAN503,23/06/23,22/08/23
PROJ41487,JMAN529,15/07/23,13/09/23
PROJ41487,JMAN662,11/01/24,11/03/24
PROJ41487,JMAN752,29/04/23,28/06/23
PROJ41487,JMAN110,23/07/23,21/09/23
PROJ41487,JMAN37,26/03/23,25/05/23
PROJ41487,JMAN51,26/04/23,25/06/23
PROJ41487,JMAN589,24/05/23,23/07/23
PROJ41487,JMAN229,13/10/23,12/12/23
PROJ41487,JMAN774,02/03/23,01/05/23
PROJ41487,JMAN787,11/01/24,11/03/24
PROJ41487,JMAN894,08/07/23,06/09/23
PROJ41487,JMAN741,30/09/23,29/11/23
PROJ41487,JMAN75,26/04/23,25/06/23
PROJ41487,JMAN168,13/04/23,12/06/23
PROJ41487,JMAN864,05/04/23,04/06/23
PROJ41487,JMAN81,18/11/23,17/01/24
PROJ41487,JMAN46,11/03/23,10/05/23
PROJ41487,JMAN423,23/05/23,22/07/23
PROJ41487,JMAN264,22/04/23,21/06/23
PROJ41487,JMAN257,03/04/23,02/06/23
PROJ41487,JMAN56,10/11/23,09/01/24
PROJ41487,JMAN706,15/07/23,13/09/23
PROJ41487,JMAN55,02/05/23,01/07/23
PROJ41487,JMAN891,06/03/23,05/05/23
PROJ41487,JMAN166,29/03/23,28/05/23
PROJ41487,JMAN219,04/12/23,02/02/24
PROJ41487,JMAN204,30/06/23,29/08/23
PROJ41487,JMAN876,01/10/23,30/11/23
PROJ31367,JMAN126,03/09/22,02/11/22
PROJ31367,JMAN617,19/03/23,18/05/23
PROJ31367,JMAN714,05/03/24,04/05/24
PROJ31367,JMAN945,19/09/22,18/11/22
PROJ31367,JMAN308,22/11/23,21/01/24
PROJ31367,JMAN63,22/10/22,21/12/22
PROJ31367,JMAN592,20/03/23,19/05/23
PROJ31367,JMAN29,13/04/23,12/06/23
PROJ31367,JMAN23,14/10/23,13/12/23
PROJ31367,JMAN121,11/01/24,11/03/24
PROJ31367,JMAN62,07/04/24,06/06/24
PROJ31367,JMAN471,25/03/23,24/05/23
PROJ31367,JMAN226,30/03/23,29/05/23
PROJ31367,JMAN991,27/12/22,25/02/23
PROJ31367,JMAN279,22/10/23,21/12/23
PROJ31367,JMAN528,30/01/23,31/03/23
PROJ31367,JMAN713,27/09/23,26/11/23
PROJ31367,JMAN941,19/04/23,18/06/23
PROJ31367,JMAN195,22/07/23,20/09/23
PROJ31367,JMAN481,11/11/23,10/01/24
PROJ31367,JMAN48,03/06/23,02/08/23
PROJ31367,JMAN434,24/03/23,23/05/23
PROJ31367,JMAN921,08/06/23,07/08/23
PROJ31367,JMAN811,09/03/24,08/05/24
PROJ31367,JMAN659,03/07/23,01/09/23
PROJ31367,JMAN412,09/07/23,07/09/23
PROJ31367,JMAN566,28/01/24,28/03/24
PROJ31367,JMAN2,21/10/22,20/12/22
PROJ31367,JMAN56,29/09/23,28/11/23
PROJ31367,JMAN257,10/09/22,09/11/22
PROJ31367,JMAN549,11/04/23,10/06/23
PROJ31367,JMAN852,03/03/24,02/05/24
PROJ31367,JMAN264,19/10/23,18/12/23
PROJ31367,JMAN725,10/02/23,11/04/23
PROJ31367,JMAN614,19/11/22,18/01/23
PROJ31367,JMAN438,09/02/23,10/04/23
PROJ31367,JMAN863,02/11/22,01/01/23
PROJ31367,JMAN504,25/06/23,24/08/23
PROJ57464,JMAN123,17/12/23,15/02/24
PROJ57464,JMAN812,30/11/23,29/01/24
PROJ57464,JMAN488,16/11/24,15/01/25
PROJ57464,JMAN714,30/09/24,29/11/24
PROJ57464,JMAN920,01/06/24,31/07/24
PROJ57464,JMAN465,26/03/24,25/05/24
PROJ57464,JMAN773,23/07/24,21/09/24
PROJ57464,JMAN719,02/10/23,01/12/23
PROJ57464,JMAN813,01/09/24,31/10/24
PROJ57464,JMAN657,15/07/24,13/09/24
PROJ57464,JMAN848,07/10/23,06/12/23
PROJ57464,JMAN281,27/06/24,26/08/24
PROJ57464,JMAN728,21/06/24,20/08/24
PROJ57464,JMAN83,03/12/24,01/02/25
PROJ57464,JMAN16,03/09/23,02/11/23
PROJ57464,JMAN655,27/06/24,26/08/24
PROJ57464,JMAN923,18/01/24,18/03/24
PROJ57464,JMAN647,23/07/24,21/09/24
PROJ57464,JMAN622,29/01/25,30/03/25
PROJ57464,JMAN107,25/02/24,25/04/24
PROJ57464,JMAN712,07/07/24,05/09/24
PROJ57464,JMAN48,05/04/25,04/06/25
PROJ57464,JMAN20,21/01/24,21/03/24
PROJ57464,JMAN716,26/04/24,25/06/24
PROJ57464,JMAN741,15/12/23,13/02/24
PROJ57464,JMAN417,08/08/23,07/10/23
PROJ57464,JMAN106,28/02/25,29/04/25
PROJ57464,JMAN814,01/12/23,30/01/24
PROJ57464,JMAN953,11/08/23,10/10/23
PROJ57464,JMAN472,10/12/23,08/02/24
PROJ57464,JMAN237,28/04/24,27/06/24
PROJ57464,JMAN888,01/01/25,02/03/25
PROJ57464,JMAN480,16/04/24,15/06/24
PROJ57464,JMAN614,03/01/24,03/03/24
PROJ57464,JMAN309,20/12/24,18/02/25
PROJ57464,JMAN976,12/08/23,11/10/23
PROJ57464,JMAN14,21/07/24,19/09/24
PROJ57464,JMAN219,02/02/24,02/04/24
PROJ44798,JMAN980,06/08/25,05/10/25
PROJ44798,JMAN298,06/07/24,04/09/24
PROJ44798,JMAN454,27/01/24,27/03/24
PROJ44798,JMAN758,13/01/24,13/03/24
PROJ44798,JMAN406,09/04/25,08/06/25
PROJ44798,JMAN27,29/11/24,28/01/25
PROJ44798,JMAN155,21/08/24,20/10/24
PROJ44798,JMAN493,15/06/24,14/08/24
PROJ44798,JMAN490,06/05/24,05/07/24
PROJ44798,JMAN653,10/02/24,10/04/24
PROJ44798,JMAN109,09/03/24,08/05/24
PROJ44798,JMAN695,10/09/24,09/11/24
PROJ44798,JMAN644,22/07/24,20/09/24
PROJ44798,JMAN60,11/05/25,10/07/25
PROJ44798,JMAN712,10/07/25,08/09/25
PROJ44798,JMAN592,12/02/24,12/04/24
PROJ44798,JMAN9,29/10/24,28/12/24
PROJ44798,JMAN774,22/03/24,21/05/24
PROJ44798,JMAN517,16/07/24,14/09/24
PROJ44798,JMAN223,24/12/24,22/02/25
PROJ44798,JMAN519,12/06/24,11/08/24
PROJ44798,JMAN646,26/04/25,25/06/25
PROJ44798,JMAN115,23/09/24,22/11/24
PROJ44798,JMAN668,31/10/24,30/12/24
PROJ44798,JMAN31,02/04/24,01/06/24
PROJ44798,JMAN616,22/02/25,23/04/25
PROJ44798,JMAN299,31/07/24,29/09/24
PROJ44798,JMAN981,30/12/24,28/02/25
PROJ44798,JMAN482,08/03/25,07/05/25
PROJ44798,JMAN603,07/08/24,06/10/24
PROJ44798,JMAN95,10/04/25,09/06/25
PROJ44798,JMAN247,06/05/24,05/07/24
PROJ44798,JMAN67,09/05/24,08/07/24
PROJ44798,JMAN504,11/05/25,10/07/25
PROJ44798,JMAN285,24/06/24,23/08/24
PROJ44798,JMAN694,27/05/25,26/07/25
PROJ44798,JMAN327,18/04/24,17/06/24
PROJ44798,JMAN946,05/09/24,04/11/24
PROJ65675,JMAN349,26/06/23,25/08/23
PROJ65675,JMAN892,01/06/23,31/07/23
PROJ65675,JMAN271,23/04/23,22/06/23
PROJ65675,JMAN721,25/09/23,24/11/23
PROJ65675,JMAN131,18/10/23,17/12/23
PROJ65675,JMAN492,13/10/23,12/12/23
PROJ65675,JMAN676,28/02/23,29/04/23
PROJ65675,JMAN933,24/11/23,23/01/24
PROJ65675,JMAN107,09/11/23,08/01/24
PROJ65675,JMAN70,14/12/23,12/02/24
PROJ65675,JMAN280,17/12/23,15/02/24
PROJ65675,JMAN887,08/07/23,06/09/23
PROJ65675,JMAN997,18/11/23,17/01/24
PROJ65675,JMAN934,31/03/23,30/05/23
PROJ65675,JMAN392,06/02/23,07/04/23
PROJ65675,JMAN647,27/08/23,26/10/23
PROJ65675,JMAN652,19/03/23,18/05/23
PROJ65675,JMAN23,12/03/23,11/05/23
PROJ65675,JMAN729,05/12/23,03/02/24
PROJ65675,JMAN566,24/10/23,23/12/23
PROJ65675,JMAN945,30/11/23,29/01/24
PROJ65675,JMAN48,13/10/23,12/12/23
PROJ65675,JMAN668,22/01/24,22/03/24
PROJ65675,JMAN762,27/06/23,26/08/23
PROJ65675,JMAN174,01/02/23,02/04/23
PROJ65675,JMAN441,02/11/23,01/01/24
PROJ65675,JMAN588,18/09/23,17/11/23
PROJ65675,JMAN67,31/08/23,30/10/23
PROJ65675,JMAN518,22/04/23,21/06/23
PROJ65675,JMAN970,30/11/23,29/01/24
PROJ65675,JMAN794,05/01/24,05/03/24
PROJ65675,JMAN852,21/05/23,20/07/23
PROJ65675,JMAN980,26/09/23,25/11/23
PROJ65675,JMAN362,13/03/23,12/05/23
PROJ65675,JMAN63,20/10/23,19/12/23
PROJ65675,JMAN170,13/03/23,12/05/23
PROJ65675,JMAN219,23/04/23,22/06/23
PROJ65675,JMAN863,11/04/23,10/06/23
PROJ30200,JMAN554,09/12/23,07/02/24
PROJ30200,JMAN412,02/08/23,01/10/23
PROJ30200,JMAN298,14/02/24,14/04/24
PROJ30200,JMAN93,24/01/24,24/03/24
PROJ30200,JMAN853,16/09/23,15/11/23
PROJ30200,JMAN704,25/08/23,24/10/23
PROJ30200,JMAN719,01/12/23,30/01/24
PROJ30200,JMAN837,14/02/24,14/04/24
PROJ30200,JMAN601,29/01/24,29/03/24
PROJ30200,JMAN103,27/10/23,26/12/23
PROJ30200,JMAN484,23/07/23,21/09/23
PROJ30200,JMAN70,24/10/23,23/12/23
PROJ30200,JMAN934,20/12/23,18/02/24
PROJ30200,JMAN469,09/12/23,07/02/24
PROJ30200,JMAN454,18/12/23,16/02/24
PROJ30200,JMAN300,08/02/24,08/04/24
PROJ30200,JMAN157,02/02/24,02/04/24
PROJ30200,JMAN8,13/02/24,13/04/24
PROJ30200,JMAN920,13/09/23,12/11/23
PROJ30200,JMAN707,18/02/24,18/04/24
PROJ30200,JMAN921,04/02/24,04/04/24
PROJ30200,JMAN741,16/12/23,14/02/24
PROJ30200,JMAN260,26/08/23,25/10/23
PROJ30200,JMAN323,10/01/24,10/03/24
PROJ30200,JMAN577,09/02/24,09/04/24
PROJ30200,JMAN616,31/10/23,30/12/23
PROJ30200,JMAN85,27/11/23,26/01/24
PROJ30200,JMAN118,07/01/24,07/03/24
PROJ30200,JMAN111,20/08/23,19/10/23
PROJ30200,JMAN145,16/10/23,15/12/23
PROJ30200,JMAN962,22/08/23,21/10/23
PROJ30200,JMAN2,29/07/23,27/09/23
PROJ30200,JMAN880,12/09/23,11/11/23
PROJ30200,JMAN926,16/09/23,15/11/23
PROJ30200,JMAN374,05/07/23,03/09/23
PROJ30200,JMAN925,30/12/23,28/02/24
PROJ30200,JMAN176,13/07/23,11/09/23
PROJ30200,JMAN576,06/12/23,04/02/24
PROJ12626,JMAN603,25/06/23,24/08/23
PROJ12626,JMAN3,04/06/23,03/08/23
PROJ12626,JMAN758,23/05/23,22/07/23
PROJ12626,JMAN548,25/04/23,24/06/23
PROJ12626,JMAN853,21/05/23,20/07/23
PROJ12626,JMAN706,21/06/23,20/08/23
PROJ12626,JMAN410,11/06/23,10/08/23
PROJ12626,JMAN33,17/06/23,16/08/23
PROJ12626,JMAN22,26/06/23,25/08/23
PROJ12626,JMAN62,03/05/23,02/07/23
PROJ12626,JMAN188,27/04/23,26/06/23
PROJ12626,JMAN70,18/06/23,17/08/23
PROJ12626,JMAN16,20/06/23,19/08/23
PROJ12626,JMAN279,12/05/23,11/07/23
PROJ12626,JMAN131,05/06/23,04/08/23
PROJ12626,JMAN450,26/05/23,25/07/23
PROJ12626,JMAN688,31/05/23,30/07/23
PROJ12626,JMAN510,20/06/23,19/08/23
PROJ12626,JMAN643,08/07/23,06/09/23
PROJ12626,JMAN79,17/04/23,16/06/23
PROJ12626,JMAN588,05/04/23,04/06/23
PROJ12626,JMAN401,01/07/23,30/08/23
PROJ12626,JMAN174,27/04/23,26/06/23
PROJ12626,JMAN29,12/06/23,11/08/23
PROJ12626,JMAN340,01/05/23,30/06/23
PROJ12626,JMAN31,15/05/23,14/07/23
PROJ12626,JMAN659,17/04/23,16/06/23
PROJ12626,JMAN953,30/06/23,29/08/23
PROJ12626,JMAN18,09/06/23,08/08/23
PROJ12626,JMAN796,24/05/23,23/07/23
PROJ12626,JMAN352,10/06/23,09/08/23
PROJ12626,JMAN118,29/04/23,28/06/23
PROJ12626,JMAN298,20/06/23,19/08/23
PROJ12626,JMAN63,09/04/23,08/06/23
PROJ12626,JMAN905,05/07/23,03/09/23
PROJ12626,JMAN67,22/04/23,21/06/23
PROJ12626,JMAN327,12/04/23,11/06/23
PROJ12626,JMAN666,19/06/23,18/08/23
PROJ93867,JMAN780,10/02/23,11/04/23
PROJ93867,JMAN980,14/01/23,15/03/23
PROJ93867,JMAN308,24/08/22,23/10/22
PROJ93867,JMAN337,28/09/22,27/11/22
PROJ93867,JMAN696,22/08/22,21/10/22
PROJ93867,JMAN830,08/09/22,07/11/22
PROJ93867,JMAN312,10/10/22,09/12/22
PROJ93867,JMAN773,11/08/22,10/10/22
PROJ93867,JMAN31,25/01/23,26/03/23
PROJ93867,JMAN70,12/08/22,11/10/22
PROJ93867,JMAN402,08/02/23,09/04/23
PROJ93867,JMAN930,10/10/22,09/12/22
PROJ93867,JMAN609,18/12/22,16/02/23
PROJ93867,JMAN355,09/01/23,10/03/23
PROJ93867,JMAN196,12/08/22,11/10/22
PROJ93867,JMAN377,09/01/23,10/03/23
PROJ93867,JMAN941,29/11/22,28/01/23
PROJ93867,JMAN533,23/11/22,22/01/23
PROJ93867,JMAN300,23/10/22,22/12/22
PROJ93867,JMAN417,16/08/22,15/10/22
PROJ93867,JMAN721,21/09/22,20/11/22
PROJ93867,JMAN350,11/01/23,12/03/23
PROJ93867,JMAN971,23/10/22,22/12/22
PROJ93867,JMAN260,12/08/22,11/10/22
PROJ93867,JMAN481,29/11/22,28/01/23
PROJ93867,JMAN705,29/12/22,27/02/23
PROJ93867,JMAN627,10/11/22,09/01/23
PROJ93867,JMAN962,25/10/22,24/12/22
PROJ93867,JMAN18,31/10/22,30/12/22
PROJ93867,JMAN799,21/09/22,20/11/22
PROJ93867,JMAN55,11/11/22,10/01/23
PROJ93867,JMAN877,28/11/22,27/01/23
PROJ93867,JMAN706,25/09/22,24/11/22
PROJ93867,JMAN946,29/08/22,28/10/22
PROJ93867,JMAN398,19/12/22,17/02/23
PROJ93867,JMAN963,21/10/22,20/12/22
PROJ93867,JMAN576,23/08/22,22/10/22
PROJ93867,JMAN219,18/10/22,17/12/22
PROJ48664,JMAN322,03/02/24,03/04/24
PROJ48664,JMAN7,15/02/23,16/04/23
PROJ48664,JMAN246,08/11/22,07/01/23
PROJ48664,JMAN617,19/05/23,18/07/23
PROJ48664,JMAN853,23/09/22,22/11/22
PROJ48664,JMAN63,15/10/22,14/12/22
PROJ48664,JMAN658,19/11/23,18/01/24
PROJ48664,JMAN633,09/10/23,08/12/23
PROJ48664,JMAN107,14/03/23,13/05/23
PROJ48664,JMAN871,05/10/23,04/12/23
PROJ48664,JMAN372,29/02/24,29/04/24
PROJ48664,JMAN255,12/08/22,11/10/22
PROJ48664,JMAN355,21/10/22,20/12/22
PROJ48664,JMAN508,24/06/23,23/08/23
PROJ48664,JMAN279,11/10/23,10/12/23
PROJ48664,JMAN431,23/06/23,22/08/23
PROJ48664,JMAN311,16/02/24,16/04/24
PROJ48664,JMAN629,25/08/23,24/10/23
PROJ48664,JMAN44,27/11/22,26/01/23
PROJ48664,JMAN920,14/01/23,15/03/23
PROJ48664,JMAN620,15/11/23,14/01/24
PROJ48664,JMAN392,31/10/23,30/12/23
PROJ48664,JMAN94,18/09/22,17/11/22
PROJ48664,JMAN472,05/04/23,04/06/23
PROJ48664,JMAN757,01/09/22,31/10/22
PROJ48664,JMAN297,12/08/22,11/10/22
PROJ48664,JMAN481,24/07/22,22/09/22
PROJ48664,JMAN655,01/07/23,30/08/23
PROJ48664,JMAN67,27/01/23,28/03/23
PROJ48664,JMAN981,26/10/23,25/12/23
PROJ48664,JMAN578,11/08/23,10/10/23
PROJ48664,JMAN506,29/08/23,28/10/23
PROJ48664,JMAN817,15/06/23,14/08/23
PROJ48664,JMAN905,26/09/23,25/11/23
PROJ48664,JMAN249,26/09/23,25/11/23
PROJ48664,JMAN278,22/08/23,21/10/23
PROJ48664,JMAN773,09/12/22,07/02/23
PROJ48664,JMAN925,01/05/23,30/06/23
PROJ88967,JMAN308,06/09/23,05/11/23
PROJ88967,JMAN633,28/04/24,27/06/24
PROJ88967,JMAN379,22/11/23,21/01/24
PROJ88967,JMAN349,04/03/24,03/05/24
PROJ88967,JMAN693,16/04/24,15/06/24
PROJ88967,JMAN277,01/02/24,01/04/24
PROJ88967,JMAN183,24/09/23,23/11/23
PROJ88967,JMAN989,28/10/23,27/12/23
PROJ88967,JMAN258,30/03/24,29/05/24
PROJ88967,JMAN62,07/03/24,06/05/24
PROJ88967,JMAN837,11/09/23,10/11/23
PROJ88967,JMAN558,20/12/23,18/02/24
PROJ88967,JMAN128,21/12/23,19/02/24
PROJ88967,JMAN235,30/06/23,29/08/23
PROJ88967,JMAN54,12/03/24,11/05/24
PROJ88967,JMAN934,31/12/23,29/02/24
PROJ88967,JMAN23,11/05/24,10/07/24
PROJ88967,JMAN311,23/09/23,22/11/23
PROJ88967,JMAN688,02/11/23,01/01/24
PROJ88967,JMAN707,08/09/23,07/11/23
PROJ88967,JMAN174,30/03/24,29/05/24
PROJ88967,JMAN40,22/03/24,21/05/24
PROJ88967,JMAN620,01/09/23,31/10/23
PROJ88967,JMAN260,25/09/23,24/11/23
PROJ88967,JMAN459,26/11/23,25/01/24
PROJ88967,JMAN646,03/08/23,02/10/23
PROJ88967,JMAN468,06/05/24,05/07/24
PROJ88967,JMAN981,01/02/24,01/04/24
PROJ88967,JMAN549,22/05/24,21/07/24
PROJ88967,JMAN203,10/01/24,10/03/24
PROJ88967,JMAN902,25/06/23,24/08/23
PROJ88967,JMAN267,30/05/24,29/07/24
PROJ88967,JMAN466,07/02/24,07/04/24
PROJ88967,JMAN142,30/07/23,28/09/23
PROJ88967,JMAN940,26/03/24,25/05/24
PROJ88967,JMAN398,15/09/23,14/11/23
PROJ88967,JMAN278,19/11/23,18/01/24
PROJ88967,JMAN876,15/12/23,13/02/24
PROJ92349,JMAN793,02/08/23,01/10/23
PROJ92349,JMAN550,03/09/23,02/11/23
PROJ92349,JMAN488,21/08/23,20/10/23
PROJ92349,JMAN920,06/09/23,05/11/23
PROJ92349,JMAN370,11/09/23,10/11/23
PROJ92349,JMAN983,21/07/23,19/09/23
PROJ92349,JMAN187,29/08/23,28/10/23
PROJ92349,JMAN174,10/09/23,09/11/23
PROJ92349,JMAN5,13/09/23,12/11/23
PROJ92349,JMAN23,09/08/23,08/10/23
PROJ92349,JMAN963,28/07/23,26/09/23
PROJ92349,JMAN281,08/08/23,07/10/23
PROJ92349,JMAN115,04/09/23,03/11/23
PROJ92349,JMAN264,11/09/23,10/11/23
PROJ92349,JMAN602,26/07/23,24/09/23
PROJ92349,JMAN300,28/08/23,27/10/23
PROJ92349,JMAN327,18/08/23,17/10/23
PROJ92349,JMAN444,12/08/23,11/10/23
PROJ92349,JMAN431,28/07/23,26/09/23
PROJ92349,JMAN46,08/07/23,06/09/23
PROJ92349,JMAN20,04/09/23,03/11/23
PROJ92349,JMAN757,18/07/23,16/09/23
PROJ92349,JMAN668,16/08/23,15/10/23
PROJ92349,JMAN864,16/08/23,15/10/23
PROJ92349,JMAN81,17/08/23,16/10/23
PROJ92349,JMAN582,09/08/23,08/10/23
PROJ92349,JMAN588,02/09/23,01/11/23
PROJ92349,JMAN562,11/07/23,09/09/23
PROJ92349,JMAN981,25/07/23,23/09/23
PROJ92349,JMAN478,22/08/23,21/10/23
PROJ92349,JMAN871,24/08/23,23/10/23
PROJ92349,JMAN852,20/07/23,18/09/23
PROJ92349,JMAN517,18/08/23,17/10/23
PROJ92349,JMAN63,08/08/23,07/10/23
PROJ92349,JMAN708,23/07/23,21/09/23
PROJ92349,JMAN40,14/08/23,13/10/23
PROJ92349,JMAN694,31/08/23,30/10/23
PROJ92349,JMAN737,29/07/23,27/09/23
PROJ16924,JMAN550,06/04/23,05/06/23
PROJ16924,JMAN793,22/05/23,21/07/23
PROJ16924,JMAN337,12/05/23,11/07/23
PROJ16924,JMAN904,08/10/23,07/12/23
PROJ16924,JMAN922,03/11/23,02/01/24
PROJ16924,JMAN177,11/08/23,10/10/23
PROJ16924,JMAN933,10/05/23,09/07/23
PROJ16924,JMAN881,16/05/23,15/07/23
PROJ16924,JMAN830,23/02/23,24/04/23
PROJ16924,JMAN503,05/12/23,03/02/24
PROJ16924,JMAN423,20/03/23,19/05/23
PROJ16924,JMAN442,20/02/23,21/04/23
PROJ16924,JMAN842,14/07/23,12/09/23
PROJ16924,JMAN235,19/08/23,18/10/23
PROJ16924,JMAN16,12/07/23,10/09/23
PROJ16924,JMAN647,14/05/23,13/07/23
PROJ16924,JMAN158,28/04/23,27/06/23
PROJ16924,JMAN526,03/03/23,02/05/23
PROJ16924,JMAN450,29/10/23,28/12/23
PROJ16924,JMAN676,10/09/23,09/11/23
PROJ16924,JMAN94,22/11/23,21/01/24
PROJ16924,JMAN627,11/05/23,10/07/23
PROJ16924,JMAN741,24/09/23,23/11/23
PROJ16924,JMAN226,21/11/23,20/01/24
PROJ16924,JMAN350,02/07/23,31/08/23
PROJ16924,JMAN843,25/10/23,24/12/23
PROJ16924,JMAN608,03/10/23,02/12/23
PROJ16924,JMAN962,23/10/23,22/12/23
PROJ16924,JMAN467,27/03/23,26/05/23
PROJ16924,JMAN316,08/09/23,07/11/23
PROJ16924,JMAN257,05/05/23,04/07/23
PROJ16924,JMAN380,04/09/23,03/11/23
PROJ16924,JMAN56,08/07/23,06/09/23
PROJ16924,JMAN65,28/06/23,27/08/23
PROJ16924,JMAN905,29/03/23,28/05/23
PROJ16924,JMAN747,17/06/23,16/08/23
PROJ16924,JMAN725,03/05/23,02/07/23
PROJ16924,JMAN249,06/08/23,05/10/23
PROJ71315,JMAN821,25/08/24,24/10/24
PROJ71315,JMAN137,03/01/25,04/03/25
PROJ71315,JMAN649,17/03/24,16/05/24
PROJ71315,JMAN480,22/02/24,22/04/24
PROJ71315,JMAN126,17/05/24,16/07/24
PROJ71315,JMAN114,23/08/24,22/10/24
PROJ71315,JMAN541,17/01/24,17/03/24
PROJ71315,JMAN773,10/09/24,09/11/24
PROJ71315,JMAN68,04/05/24,03/07/24
PROJ71315,JMAN523,30/03/25,29/05/25
PROJ71315,JMAN858,17/02/24,17/04/24
PROJ71315,JMAN423,02/04/25,01/06/25
PROJ71315,JMAN125,19/11/24,18/01/25
PROJ71315,JMAN197,16/03/25,15/05/25
PROJ71315,JMAN128,02/04/24,01/06/24
PROJ71315,JMAN93,27/03/25,26/05/25
PROJ71315,JMAN576,05/10/24,04/12/24
PROJ71315,JMAN589,28/09/24,27/11/24
PROJ71315,JMAN430,03/11/24,02/01/25
PROJ71315,JMAN107,15/06/24,14/08/24
PROJ71315,JMAN392,23/03/24,22/05/24
PROJ71315,JMAN94,15/08/24,14/10/24
PROJ71315,JMAN918,15/04/25,14/06/25
PROJ71315,JMAN583,09/01/25,10/03/25
PROJ71315,JMAN668,29/10/24,28/12/24
PROJ71315,JMAN340,23/02/24,23/04/24
PROJ71315,JMAN441,16/03/25,15/05/25
PROJ71315,JMAN812,18/10/24,17/12/24
PROJ71315,JMAN294,14/11/24,13/01/25
PROJ71315,JMAN562,25/01/24,25/03/24
PROJ71315,JMAN953,19/01/24,19/03/24
PROJ71315,JMAN482,21/07/24,19/09/24
PROJ71315,JMAN147,15/07/24,13/09/24
PROJ71315,JMAN270,18/11/24,17/01/25
PROJ71315,JMAN193,10/04/25,09/06/25
PROJ71315,JMAN249,17/04/25,16/06/25
PROJ71315,JMAN215,09/04/24,08/06/24
PROJ71315,JMAN978,04/07/24,02/09/24
PROJ12436,JMAN920,28/08/23,27/10/23
PROJ12436,JMAN863,24/09/23,23/11/23
PROJ12436,JMAN93,10/10/23,09/12/23
PROJ12436,JMAN126,06/09/23,05/11/23
PROJ12436,JMAN471,30/09/23,29/11/23
PROJ12436,JMAN144,31/08/23,30/10/23
PROJ12436,JMAN765,22/09/23,21/11/23
PROJ12436,JMAN772,19/09/23,18/11/23
PROJ12436,JMAN22,05/10/23,04/12/23
PROJ12436,JMAN490,25/08/23,24/10/23
PROJ12436,JMAN208,23/08/23,22/10/23
PROJ12436,JMAN993,29/09/23,28/11/23
PROJ12436,JMAN866,25/09/23,24/11/23
PROJ12436,JMAN712,27/09/23,26/11/23
PROJ12436,JMAN669,10/10/23,09/12/23
PROJ12436,JMAN830,27/09/23,26/11/23
PROJ12436,JMAN760,06/09/23,05/11/23
PROJ12436,JMAN713,23/08/23,22/10/23
PROJ12436,JMAN984,23/09/23,22/11/23
PROJ12436,JMAN583,14/09/23,13/11/23
PROJ12436,JMAN716,12/09/23,11/11/23
PROJ12436,JMAN971,01/10/23,30/11/23
PROJ12436,JMAN522,15/09/23,14/11/23
PROJ12436,JMAN894,12/09/23,11/11/23
PROJ12436,JMAN836,29/09/23,28/11/23
PROJ12436,JMAN676,21/08/23,20/10/23
PROJ12436,JMAN991,19/09/23,18/11/23
PROJ12436,JMAN494,26/09/23,25/11/23
PROJ12436,JMAN953,07/09/23,06/11/23
PROJ12436,JMAN95,18/09/23,17/11/23
PROJ12436,JMAN981,27/09/23,26/11/23
PROJ12436,JMAN486,10/09/23,09/11/23
PROJ12436,JMAN970,23/09/23,22/11/23
PROJ12436,JMAN190,20/09/23,19/11/23
PROJ12436,JMAN493,02/10/23,01/12/23
PROJ12436,JMAN737,04/10/23,03/12/23
PROJ12436,JMAN215,12/09/23,11/11/23
PROJ12436,JMAN614,28/09/23,27/11/23
PROJ98733,JMAN573,08/05/24,07/07/24
PROJ98733,JMAN131,27/11/24,26/01/25
PROJ98733,JMAN471,12/03/25,11/05/25
PROJ98733,JMAN22,15/01/24,15/03/24
PROJ98733,JMAN876,17/05/24,16/07/24
PROJ98733,JMAN503,23/01/24,23/03/24
PROJ98733,JMAN419,08/10/23,07/12/23
PROJ98733,JMAN797,14/07/24,12/09/24
PROJ98733,JMAN292,30/01/25,31/03/25
PROJ98733,JMAN858,23/04/25,22/06/25
PROJ98733,JMAN208,03/03/24,02/05/24
PROJ98733,JMAN310,13/12/24,11/02/25
PROJ98733,JMAN494,29/12/23,27/02/24
PROJ98733,JMAN235,16/09/24,15/11/24
PROJ98733,JMAN869,15/11/24,14/01/25
PROJ98733,JMAN760,25/04/25,24/06/25
PROJ98733,JMAN431,22/03/24,21/05/24
PROJ98733,JMAN664,09/02/24,09/04/24
PROJ98733,JMAN576,27/07/24,25/09/24
PROJ98733,JMAN410,04/12/23,02/02/24
PROJ98733,JMAN350,07/12/23,05/02/24
PROJ98733,JMAN583,09/03/25,08/05/25
PROJ98733,JMAN522,29/04/24,28/06/24
PROJ98733,JMAN472,26/04/25,25/06/25
PROJ98733,JMAN29,31/10/23,30/12/23
PROJ98733,JMAN705,19/05/25,18/07/25
PROJ98733,JMAN412,16/05/24,15/07/24
PROJ98733,JMAN257,17/05/25,16/07/25
PROJ98733,JMAN128,20/12/23,18/02/24
PROJ98733,JMAN316,26/11/23,25/01/24
PROJ98733,JMAN423,13/01/25,14/03/25
PROJ98733,JMAN994,30/10/24,29/12/24
PROJ98733,JMAN981,21/02/24,21/04/24
PROJ98733,JMAN176,21/02/24,21/04/24
PROJ98733,JMAN989,10/04/24,09/06/24
PROJ98733,JMAN755,23/10/23,22/12/23
PROJ98733,JMAN75,01/11/24,31/12/24
PROJ98733,JMAN4,21/08/24,20/10/24
PROJ18760,JMAN969,17/11/23,16/01/24
PROJ18760,JMAN271,24/11/23,23/01/24
PROJ18760,JMAN412,10/10/23,09/12/23
PROJ18760,JMAN313,21/09/23,20/11/23
PROJ18760,JMAN590,30/10/23,29/12/23
PROJ18760,JMAN702,25/10/23,24/12/23
PROJ18760,JMAN214,22/01/24,22/03/24
PROJ18760,JMAN62,31/10/23,30/12/23
PROJ18760,JMAN511,22/09/23,21/11/23
PROJ18760,JMAN729,31/01/24,31/03/24
PROJ18760,JMAN281,31/12/23,29/02/24
PROJ18760,JMAN731,28/01/24,28/03/24
PROJ18760,JMAN245,30/10/23,29/12/23
PROJ18760,JMAN154,15/11/23,14/01/24
PROJ18760,JMAN929,27/12/23,25/02/24
PROJ18760,JMAN923,07/12/23,05/02/24
PROJ18760,JMAN846,21/01/24,21/03/24
PROJ18760,JMAN300,23/10/23,22/12/23
PROJ18760,JMAN882,21/11/23,20/01/24
PROJ18760,JMAN721,07/12/23,05/02/24
PROJ18760,JMAN921,20/11/23,19/01/24
PROJ18760,JMAN519,18/11/23,17/01/24
PROJ18760,JMAN676,30/12/23,28/02/24
PROJ18760,JMAN115,10/12/23,08/02/24
PROJ18760,JMAN455,11/10/23,10/12/23
PROJ18760,JMAN410,16/12/23,14/02/24
PROJ18760,JMAN79,28/11/23,27/01/24
PROJ18760,JMAN196,13/10/23,12/12/23
PROJ18760,JMAN693,01/11/23,31/12/23
PROJ18760,JMAN147,19/11/23,18/01/24
PROJ18760,JMAN294,17/10/23,16/12/23
PROJ18760,JMAN247,31/10/23,30/12/23
PROJ18760,JMAN111,07/10/23,06/12/23
PROJ18760,JMAN956,29/01/24,29/03/24
PROJ18760,JMAN570,07/10/23,06/12/23
PROJ18760,JMAN67,27/12/23,25/02/24
PROJ18760,JMAN665,05/12/23,03/02/24
PROJ18760,JMAN925,09/10/23,08/12/23
PROJ92441,JMAN604,29/07/22,27/09/22
PROJ92441,JMAN696,10/05/23,09/07/23
PROJ92441,JMAN812,19/03/23,18/05/23
PROJ92441,JMAN688,18/07/23,16/09/23
PROJ92441,JMAN969,06/01/23,07/03/23
PROJ92441,JMAN947,13/08/23,12/10/23
PROJ92441,JMAN967,27/08/22,26/10/22
PROJ92441,JMAN312,06/01/23,07/03/23
PROJ92441,JMAN856,01/08/23,30/09/23
PROJ92441,JMAN710,05/05/23,04/07/23
PROJ92441,JMAN980,18/08/22,17/10/22
PROJ92441,JMAN833,13/01/23,14/03/23
PROJ92441,JMAN219,08/10/22,07/12/22
PROJ92441,JMAN148,08/08/23,07/10/23
PROJ92441,JMAN128,18/09/23,17/11/23
PROJ92441,JMAN300,30/07/22,28/09/22
PROJ92441,JMAN652,25/10/22,24/12/22
PROJ92441,JMAN112,26/06/23,25/08/23
PROJ92441,JMAN51,20/07/23,18/09/23
PROJ92441,JMAN583,13/01/23,14/03/23
PROJ92441,JMAN174,04/04/23,03/06/23
PROJ92441,JMAN759,27/12/22,25/02/23
PROJ92441,JMAN401,29/08/22,28/10/22
PROJ92441,JMAN224,30/12/22,28/02/23
PROJ92441,JMAN260,18/08/23,17/10/23
PROJ92441,JMAN412,25/07/23,23/09/23
PROJ92441,JMAN577,13/09/23,12/11/23
PROJ92441,JMAN380,03/01/23,04/03/23
PROJ92441,JMAN247,13/10/22,12/12/22
PROJ92441,JMAN356,10/03/23,09/05/23
PROJ92441,JMAN467,21/07/23,19/09/23
PROJ92441,JMAN298,01/09/22,31/10/22
PROJ92441,JMAN196,25/12/22,23/02/23
PROJ92441,JMAN724,30/04/23,29/06/23
PROJ92441,JMAN767,30/09/23,29/11/23
PROJ92441,JMAN925,01/02/23,02/04/23
PROJ92441,JMAN930,26/01/23,27/03/23
PROJ92441,JMAN193,10/12/22,08/02/23
PROJ78351,JMAN222,17/03/23,16/05/23
PROJ78351,JMAN793,02/06/23,01/08/23
PROJ78351,JMAN83,21/01/23,22/03/23
PROJ78351,JMAN617,29/07/23,27/09/23
PROJ78351,JMAN603,16/02/23,17/04/23
PROJ78351,JMAN750,24/06/23,23/08/23
PROJ78351,JMAN959,10/03/23,09/05/23
PROJ78351,JMAN849,14/06/23,13/08/23
PROJ78351,JMAN899,23/06/23,22/08/23
PROJ78351,JMAN662,28/06/23,27/08/23
PROJ78351,JMAN280,16/07/23,14/09/23
PROJ78351,JMAN781,25/06/23,24/08/23
PROJ78351,JMAN392,12/07/23,10/09/23
PROJ78351,JMAN761,04/06/23,03/08/23
PROJ78351,JMAN576,31/03/23,30/05/23
PROJ78351,JMAN774,15/06/23,14/08/23
PROJ78351,JMAN369,16/01/23,17/03/23
PROJ78351,JMAN154,06/03/23,05/05/23
PROJ78351,JMAN311,01/06/23,31/07/23
PROJ78351,JMAN412,10/02/23,11/04/23
PROJ78351,JMAN85,02/04/23,01/06/23
PROJ78351,JMAN741,03/04/23,02/06/23
PROJ78351,JMAN414,22/01/23,23/03/23
PROJ78351,JMAN472,29/03/23,28/05/23
PROJ78351,JMAN894,19/03/23,18/05/23
PROJ78351,JMAN627,07/05/23,06/07/23
PROJ78351,JMAN519,15/06/23,14/08/23
PROJ78351,JMAN994,04/04/23,03/06/23
PROJ78351,JMAN655,22/05/23,21/07/23
PROJ78351,JMAN206,16/01/23,17/03/23
PROJ78351,JMAN480,24/04/23,23/06/23
PROJ78351,JMAN136,27/04/23,26/06/23
PROJ78351,JMAN693,19/06/23,18/08/23
PROJ78351,JMAN652,23/03/23,22/05/23
PROJ78351,JMAN905,28/07/23,26/09/23
PROJ78351,JMAN67,18/05/23,17/07/23
PROJ78351,JMAN737,17/03/23,16/05/23
PROJ78351,JMAN190,31/05/23,30/07/23
PROJ78342,JMAN646,12/02/23,13/04/23
PROJ78342,JMAN853,24/03/23,23/05/23
PROJ78342,JMAN454,20/08/23,19/10/23
PROJ78342,JMAN577,25/02/24,25/04/24
PROJ78342,JMAN309,08/03/24,07/05/24
PROJ78342,JMAN644,20/06/23,19/08/23
PROJ78342,JMAN545,13/02/23,14/04/23
PROJ78342,JMAN312,13/04/23,12/06/23
PROJ78342,JMAN523,30/01/23,31/03/23
PROJ78342,JMAN31,05/02/24,05/04/24
PROJ78342,JMAN255,19/11/23,18/01/24
PROJ78342,JMAN298,11/02/24,11/04/24
PROJ78342,JMAN734,18/09/23,17/11/23
PROJ78342,JMAN396,09/09/23,08/11/23
PROJ78342,JMAN494,28/06/23,27/08/23
PROJ78342,JMAN8,01/12/23,30/01/24
PROJ78342,JMAN647,04/10/23,03/12/23
PROJ78342,JMAN689,04/01/24,04/03/24
PROJ78342,JMAN517,17/04/23,16/06/23
PROJ78342,JMAN741,27/12/23,25/02/24
PROJ78342,JMAN762,22/02/23,23/04/23
PROJ78342,JMAN323,12/04/23,11/06/23
PROJ78342,JMAN519,22/12/23,20/02/24
PROJ78342,JMAN52,01/09/23,31/10/23
PROJ78342,JMAN566,06/05/23,05/07/23
PROJ78342,JMAN94,04/05/23,03/07/23
PROJ78342,JMAN95,06/09/23,05/11/23
PROJ78342,JMAN880,10/05/23,09/07/23
PROJ78342,JMAN128,08/02/23,09/04/23
PROJ78342,JMAN275,17/02/24,17/04/24
PROJ78342,JMAN147,12/07/23,10/09/23
PROJ78342,JMAN970,07/06/23,06/08/23
PROJ78342,JMAN981,22/09/23,21/11/23
PROJ78342,JMAN67,03/02/24,03/04/24
PROJ78342,JMAN755,30/01/23,31/03/23
PROJ78342,JMAN876,04/02/24,04/04/24
PROJ78342,JMAN614,03/11/23,02/01/24
PROJ78342,JMAN285,02/02/23,03/04/23
PROJ45084,JMAN313,18/07/25,16/09/25
PROJ45084,JMAN44,26/08/24,25/10/24
PROJ45084,JMAN379,05/09/25,04/11/25
PROJ45084,JMAN396,08/04/24,07/06/24
PROJ45084,JMAN920,14/09/24,13/11/24
PROJ45084,JMAN394,18/10/24,17/12/24
PROJ45084,JMAN801,06/08/25,05/10/25
PROJ45084,JMAN773,15/10/24,14/12/24
PROJ45084,JMAN852,18/11/24,17/01/25
PROJ45084,JMAN208,10/07/24,08/09/24
PROJ45084,JMAN529,12/11/24,11/01/25
PROJ45084,JMAN678,21/11/24,20/01/25
PROJ45084,JMAN784,11/01/25,12/03/25
PROJ45084,JMAN728,07/02/25,08/04/25
PROJ45084,JMAN210,30/08/25,29/10/25
PROJ45084,JMAN882,22/07/25,20/09/25
PROJ45084,JMAN430,22/08/25,21/10/25
PROJ45084,JMAN510,20/10/24,19/12/24
PROJ45084,JMAN622,07/01/25,08/03/25
PROJ45084,JMAN441,04/06/24,03/08/24
PROJ45084,JMAN472,11/02/25,12/04/25
PROJ45084,JMAN582,11/04/24,10/06/24
PROJ45084,JMAN392,14/11/24,13/01/25
PROJ45084,JMAN583,24/02/24,24/04/24
PROJ45084,JMAN716,15/05/25,14/07/25
PROJ45084,JMAN414,29/03/24,28/05/24
PROJ45084,JMAN261,17/10/25,16/12/25
PROJ45084,JMAN118,01/04/24,31/05/24
PROJ45084,JMAN706,06/07/24,04/09/24
PROJ45084,JMAN539,16/08/24,15/10/24
PROJ45084,JMAN794,05/08/24,04/10/24
PROJ45084,JMAN67,03/05/24,02/07/24
PROJ45084,JMAN877,04/04/25,03/06/25
PROJ45084,JMAN793,15/10/25,14/12/25
PROJ45084,JMAN925,31/07/25,29/09/25
PROJ45084,JMAN940,02/12/24,31/01/25
PROJ45084,JMAN82,20/08/25,19/10/25
PROJ45084,JMAN219,24/09/24,23/11/24
PROJ54018,JMAN322,24/01/23,25/03/23
PROJ54018,JMAN93,17/04/23,16/06/23
PROJ54018,JMAN67,06/04/23,05/06/23
PROJ54018,JMAN688,10/02/23,11/04/23
PROJ54018,JMAN980,18/02/23,19/04/23
PROJ54018,JMAN924,25/01/23,26/03/23
PROJ54018,JMAN478,03/02/23,04/04/23
PROJ54018,JMAN633,03/05/23,02/07/23
PROJ54018,JMAN608,19/03/23,18/05/23
PROJ54018,JMAN993,18/02/23,19/04/23
PROJ54018,JMAN657,22/04/23,21/06/23
PROJ54018,JMAN379,11/04/23,10/06/23
PROJ54018,JMAN110,01/05/23,30/06/23
PROJ54018,JMAN345,28/01/23,29/03/23
PROJ54018,JMAN154,17/02/23,18/04/23
PROJ54018,JMAN776,17/01/23,18/03/23
PROJ54018,JMAN575,25/01/23,26/03/23
PROJ54018,JMAN1,28/03/23,27/05/23
PROJ54018,JMAN53,13/05/23,12/07/23
PROJ54018,JMAN31,23/01/23,24/03/23
PROJ54018,JMAN459,19/03/23,18/05/23
PROJ54018,JMAN646,27/04/23,26/06/23
PROJ54018,JMAN323,01/05/23,30/06/23
PROJ54018,JMAN582,07/02/23,08/04/23
PROJ54018,JMAN40,04/03/23,03/05/23
PROJ54018,JMAN583,05/03/23,04/05/23
PROJ54018,JMAN226,06/04/23,05/06/23
PROJ54018,JMAN506,29/04/23,28/06/23
PROJ54018,JMAN700,20/01/23,21/03/23
PROJ54018,JMAN580,20/04/23,19/06/23
PROJ54018,JMAN995,10/03/23,09/05/23
PROJ54018,JMAN971,23/03/23,22/05/23
PROJ54018,JMAN203,24/02/23,25/04/23
PROJ54018,JMAN586,19/01/23,20/03/23
PROJ54018,JMAN833,13/03/23,12/05/23
PROJ54018,JMAN215,05/04/23,04/06/23
PROJ54018,JMAN876,06/02/23,07/04/23
PROJ54018,JMAN940,24/02/23,25/04/23
PROJ21022,JMAN758,22/02/24,22/04/24
PROJ21022,JMAN696,02/02/24,02/04/24
PROJ21022,JMAN920,24/02/24,24/04/24
PROJ21022,JMAN649,20/11/23,19/01/24
PROJ21022,JMAN836,26/11/23,25/01/24
PROJ21022,JMAN786,24/02/24,24/04/24
PROJ21022,JMAN773,06/10/23,05/12/23
PROJ21022,JMAN213,09/11/23,08/01/24
PROJ21022,JMAN922,29/03/24,28/05/24
PROJ21022,JMAN281,03/02/24,03/04/24
PROJ21022,JMAN258,05/12/23,03/02/24
PROJ21022,JMAN644,03/09/23,02/11/23
PROJ21022,JMAN110,05/11/23,04/01/24
PROJ21022,JMAN128,12/10/23,11/12/23
PROJ21022,JMAN125,21/12/23,19/02/24
PROJ21022,JMAN984,15/12/23,13/02/24
PROJ21022,JMAN526,10/12/23,08/02/24
PROJ21022,JMAN270,23/01/24,23/03/24
PROJ21022,JMAN589,17/12/23,15/02/24
PROJ21022,JMAN712,16/01/24,16/03/24
PROJ21022,JMAN392,01/11/23,31/12/23
PROJ21022,JMAN226,07/01/24,07/03/24
PROJ21022,JMAN29,16/10/23,15/12/23
PROJ21022,JMAN741,01/09/23,31/10/23
PROJ21022,JMAN350,20/12/23,18/02/24
PROJ21022,JMAN81,11/01/24,11/03/24
PROJ21022,JMAN577,12/01/24,12/03/24
PROJ21022,JMAN580,18/09/23,17/11/23
PROJ21022,JMAN275,25/01/24,25/03/24
PROJ21022,JMAN545,12/02/24,12/04/24
PROJ21022,JMAN294,19/10/23,18/12/23
PROJ21022,JMAN444,24/12/23,22/02/24
PROJ21022,JMAN2,18/09/23,17/11/23
PROJ21022,JMAN940,15/12/23,13/02/24
PROJ21022,JMAN863,11/03/24,10/05/24
PROJ21022,JMAN374,30/12/23,28/02/24
PROJ21022,JMAN67,24/01/24,24/03/24
PROJ21022,JMAN304,23/02/24,23/04/24
PROJ40862,JMAN22,25/03/24,24/05/24
PROJ40862,JMAN812,11/07/23,09/09/23
PROJ40862,JMAN370,21/09/24,20/11/24
PROJ40862,JMAN44,12/08/24,11/10/24
PROJ40862,JMAN649,26/07/24,24/09/24
PROJ40862,JMAN553,15/06/24,14/08/24
PROJ40862,JMAN772,18/08/24,17/10/24
PROJ40862,JMAN955,27/07/23,25/09/23
PROJ40862,JMAN729,09/06/23,08/08/23
PROJ40862,JMAN653,04/03/24,03/05/24
PROJ40862,JMAN751,14/06/24,13/08/24
PROJ40862,JMAN678,21/05/23,20/07/23
PROJ40862,JMAN903,21/07/24,19/09/24
PROJ40862,JMAN125,29/04/24,28/06/24
PROJ40862,JMAN382,25/06/23,24/08/23
PROJ40862,JMAN444,04/01/24,04/03/24
PROJ40862,JMAN923,26/02/24,26/04/24
PROJ40862,JMAN643,25/11/23,24/01/24
PROJ40862,JMAN112,29/06/24,28/08/24
PROJ40862,JMAN223,06/12/23,04/02/24
PROJ40862,JMAN29,18/04/24,17/06/24
PROJ40862,JMAN80,09/07/23,07/09/23
PROJ40862,JMAN741,29/06/24,28/08/24
PROJ40862,JMAN991,05/01/24,05/03/24
PROJ40862,JMAN410,21/06/23,20/08/23
PROJ40862,JMAN588,27/09/23,26/11/23
PROJ40862,JMAN107,25/06/23,24/08/23
PROJ40862,JMAN512,16/07/24,14/09/24
PROJ40862,JMAN331,06/09/24,05/11/24
PROJ40862,JMAN111,30/11/23,29/01/24
PROJ40862,JMAN380,04/06/23,03/08/23
PROJ40862,JMAN974,24/06/23,23/08/23
PROJ40862,JMAN817,06/07/24,04/09/24
PROJ40862,JMAN493,21/07/24,19/09/24
PROJ40862,JMAN847,14/07/23,12/09/23
PROJ40862,JMAN926,01/06/24,31/07/24
PROJ40862,JMAN440,07/08/23,06/10/23
PROJ40862,JMAN83,12/05/24,11/07/24
PROJ45399,JMAN853,08/03/24,07/05/24
PROJ45399,JMAN646,19/06/23,18/08/23
PROJ45399,JMAN550,08/07/24,06/09/24
PROJ45399,JMAN836,15/12/23,13/02/24
PROJ45399,JMAN617,14/07/24,12/09/24
PROJ45399,JMAN823,29/09/23,28/11/23
PROJ45399,JMAN12,11/05/24,10/07/24
PROJ45399,JMAN804,13/04/23,12/06/23
PROJ45399,JMAN278,13/04/23,12/06/23
PROJ45399,JMAN856,12/09/23,11/11/23
PROJ45399,JMAN31,03/01/24,03/03/24
PROJ45399,JMAN298,16/12/23,14/02/24
PROJ45399,JMAN264,18/12/23,16/02/24
PROJ45399,JMAN712,11/04/24,10/06/24
PROJ45399,JMAN106,17/09/23,16/11/23
PROJ45399,JMAN162,31/12/23,29/02/24
PROJ45399,JMAN41,16/04/24,15/06/24
PROJ45399,JMAN53,24/02/24,24/04/24
PROJ45399,JMAN923,21/07/24,19/09/24
PROJ45399,JMAN583,22/11/23,21/01/24
PROJ45399,JMAN52,22/05/23,21/07/23
PROJ45399,JMAN921,13/07/24,11/09/24
PROJ45399,JMAN608,25/05/24,24/07/24
PROJ45399,JMAN716,01/12/23,30/01/24
PROJ45399,JMAN412,07/05/24,06/07/24
PROJ45399,JMAN971,17/05/23,16/07/23
PROJ45399,JMAN481,24/04/24,23/06/24
PROJ45399,JMAN655,16/05/23,15/07/23
PROJ45399,JMAN136,16/05/24,15/07/24
PROJ45399,JMAN798,04/12/23,02/02/24
PROJ45399,JMAN981,11/03/24,10/05/24
PROJ45399,JMAN824,17/09/23,16/11/23
PROJ45399,JMAN18,27/03/23,26/05/23
PROJ45399,JMAN82,15/01/24,15/03/24
PROJ45399,JMAN215,10/03/24,09/05/24
PROJ45399,JMAN180,07/06/23,06/08/23
PROJ45399,JMAN586,14/07/23,12/09/23
PROJ45399,JMAN169,27/05/23,26/07/23
PROJ24873,JMAN863,13/11/23,12/01/24
PROJ24873,JMAN377,10/07/24,08/09/24
PROJ24873,JMAN876,24/07/24,22/09/24
PROJ24873,JMAN812,03/06/24,02/08/24
PROJ24873,JMAN920,08/01/24,08/03/24
PROJ24873,JMAN27,03/03/24,02/05/24
PROJ24873,JMAN772,30/06/24,29/08/24
PROJ24873,JMAN758,18/01/24,18/03/24
PROJ24873,JMAN781,13/06/24,12/08/24
PROJ24873,JMAN208,19/05/24,18/07/24
PROJ24873,JMAN442,02/12/23,31/01/24
PROJ24873,JMAN103,15/06/24,14/08/24
PROJ24873,JMAN734,30/11/23,29/01/24
PROJ24873,JMAN871,23/07/24,21/09/24
PROJ24873,JMAN346,28/06/24,27/08/24
PROJ24873,JMAN688,18/01/24,18/03/24
PROJ24873,JMAN934,17/01/24,17/03/24
PROJ24873,JMAN941,16/03/24,15/05/24
PROJ24873,JMAN864,23/07/24,21/09/24
PROJ24873,JMAN434,26/11/23,25/01/24
PROJ24873,JMAN224,21/10/23,20/12/23
PROJ24873,JMAN811,05/08/24,04/10/24
PROJ24873,JMAN802,25/04/24,24/06/24
PROJ24873,JMAN577,28/03/24,27/05/24
PROJ24873,JMAN261,21/03/24,20/05/24
PROJ24873,JMAN680,10/03/24,09/05/24
PROJ24873,JMAN721,16/04/24,15/06/24
PROJ24873,JMAN980,09/06/24,08/08/24
PROJ24873,JMAN467,07/02/24,07/04/24
PROJ24873,JMAN517,24/07/24,22/09/24
PROJ24873,JMAN423,15/11/23,14/01/24
PROJ24873,JMAN56,17/02/24,17/04/24
PROJ24873,JMAN316,01/04/24,31/05/24
PROJ24873,JMAN349,27/03/24,26/05/24
PROJ24873,JMAN275,15/12/23,13/02/24
PROJ24873,JMAN586,04/03/24,03/05/24
PROJ24873,JMAN309,08/12/23,06/02/24
PROJ24873,JMAN431,01/05/24,30/06/24
PROJ92678,JMAN7,29/03/23,28/05/23
PROJ92678,JMAN721,26/09/22,25/11/22
PROJ92678,JMAN780,04/02/23,05/04/23
PROJ92678,JMAN649,28/10/22,27/12/22
PROJ92678,JMAN920,27/09/22,26/11/22
PROJ92678,JMAN132,10/12/22,08/02/23
PROJ92678,JMAN213,08/03/23,07/05/23
PROJ92678,JMAN418,05/03/23,04/05/23
PROJ92678,JMAN580,14/02/23,15/04/23
PROJ92678,JMAN490,01/01/23,02/03/23
PROJ92678,JMAN601,21/04/23,20/06/23
PROJ92678,JMAN23,21/02/23,22/04/23
PROJ92678,JMAN115,16/11/22,15/01/23
PROJ92678,JMAN60,29/11/22,28/01/23
PROJ92678,JMAN508,26/10/22,25/12/22
PROJ92678,JMAN589,28/09/22,27/11/22
PROJ92678,JMAN340,14/10/22,13/12/22
PROJ92678,JMAN713,13/09/22,12/11/22
PROJ92678,JMAN1,07/02/23,08/04/23
PROJ92678,JMAN472,13/10/22,12/12/22
PROJ92678,JMAN582,27/09/22,26/11/22
PROJ92678,JMAN94,28/03/23,27/05/23
PROJ92678,JMAN411,19/05/23,18/07/23
PROJ92678,JMAN836,20/04/23,19/06/23
PROJ92678,JMAN921,13/12/22,11/02/23
PROJ92678,JMAN106,10/01/23,11/03/23
PROJ92678,JMAN759,21/11/22,20/01/23
PROJ92678,JMAN480,01/05/23,30/06/23
PROJ92678,JMAN2,05/04/23,04/06/23
PROJ92678,JMAN512,29/09/22,28/11/22
PROJ92678,JMAN706,22/05/23,21/07/23
PROJ92678,JMAN56,23/02/23,24/04/23
PROJ92678,JMAN877,11/11/22,10/01/23
PROJ92678,JMAN65,29/03/23,28/05/23
PROJ92678,JMAN504,18/09/22,17/11/22
PROJ92678,JMAN431,18/10/22,17/12/22
PROJ92678,JMAN274,20/09/22,19/11/22
PROJ92678,JMAN67,21/12/22,19/02/23
PROJ82628,JMAN155,25/08/24,24/10/24
PROJ82628,JMAN322,20/12/24,18/02/25
PROJ82628,JMAN876,18/10/24,17/12/24
PROJ82628,JMAN663,25/12/24,23/02/25
PROJ82628,JMAN392,02/12/24,31/01/25
PROJ82628,JMAN706,29/04/24,28/06/24
PROJ82628,JMAN47,22/11/23,21/01/24
PROJ82628,JMAN659,07/12/24,05/02/25
PROJ82628,JMAN858,14/08/24,13/10/24
PROJ82628,JMAN281,21/12/24,19/02/25
PROJ82628,JMAN527,13/03/24,12/05/24
PROJ82628,JMAN899,03/05/24,02/07/24
PROJ82628,JMAN669,01/03/24,30/04/24
PROJ82628,JMAN54,19/06/24,18/08/24
PROJ82628,JMAN249,20/12/23,18/02/24
PROJ82628,JMAN44,13/08/24,12/10/24
PROJ82628,JMAN377,29/05/24,28/07/24
PROJ82628,JMAN643,13/06/24,12/08/24
PROJ82628,JMAN327,13/08/24,12/10/24
PROJ82628,JMAN616,10/03/24,09/05/24
PROJ82628,JMAN12,08/12/23,06/02/24
PROJ82628,JMAN107,09/10/24,08/12/24
PROJ82628,JMAN582,28/10/24,27/12/24
PROJ82628,JMAN583,11/12/24,09/02/25
PROJ82628,JMAN759,24/09/24,23/11/24
PROJ82628,JMAN583,30/10/24,29/12/24
PROJ82628,JMAN401,12/04/24,11/06/24
PROJ82628,JMAN588,22/12/23,20/02/24
PROJ82628,JMAN55,13/10/24,12/12/24
PROJ82628,JMAN873,25/02/24,25/04/24
PROJ82628,JMAN962,01/11/24,31/12/24
PROJ82628,JMAN798,23/02/24,23/04/24
PROJ82628,JMAN902,10/05/24,09/07/24
PROJ82628,JMAN274,26/04/24,25/06/24
PROJ82628,JMAN618,24/12/23,22/02/24
PROJ82628,JMAN65,26/11/24,25/01/25
PROJ82628,JMAN219,12/04/24,11/06/24
PROJ82628,JMAN23,11/12/23,09/02/24
PROJ67952,JMAN896,09/10/23,08/12/23
PROJ67952,JMAN969,17/11/23,16/01/24
PROJ67952,JMAN412,12/06/23,11/08/23
PROJ67952,JMAN488,27/11/22,26/01/23
PROJ67952,JMAN308,23/01/23,24/03/23
PROJ67952,JMAN377,19/11/22,18/01/23
PROJ67952,JMAN923,17/05/23,16/07/23
PROJ67952,JMAN284,28/10/23,27/12/23
PROJ67952,JMAN22,28/11/23,27/01/24
PROJ67952,JMAN109,17/03/23,16/05/23
PROJ67952,JMAN678,11/06/23,10/08/23
PROJ67952,JMAN118,26/08/23,25/10/23
PROJ67952,JMAN576,04/12/22,02/02/23
PROJ67952,JMAN245,08/07/23,06/09/23
PROJ67952,JMAN991,20/09/23,19/11/23
PROJ67952,JMAN158,21/11/22,20/01/23
PROJ67952,JMAN259,20/11/22,19/01/23
PROJ67952,JMAN327,25/05/23,24/07/23
PROJ67952,JMAN369,18/08/23,17/10/23
PROJ67952,JMAN498,17/11/22,16/01/23
PROJ67952,JMAN843,27/10/23,26/12/23
PROJ67952,JMAN864,19/03/23,18/05/23
PROJ67952,JMAN971,04/07/23,02/09/23
PROJ67952,JMAN577,25/10/22,24/12/22
PROJ67952,JMAN646,08/12/23,06/02/24
PROJ67952,JMAN94,22/12/23,20/02/24
PROJ67952,JMAN31,23/04/23,22/06/23
PROJ67952,JMAN545,12/11/22,11/01/23
PROJ67952,JMAN964,13/02/23,14/04/23
PROJ67952,JMAN2,25/10/22,24/12/22
PROJ67952,JMAN700,28/05/23,27/07/23
PROJ67952,JMAN995,30/10/23,29/12/23
PROJ67952,JMAN18,12/04/23,11/06/23
PROJ67952,JMAN449,11/04/23,10/06/23
PROJ67952,JMAN65,19/01/23,20/03/23
PROJ67952,JMAN724,15/11/22,14/01/23
PROJ67952,JMAN767,28/11/23,27/01/24
PROJ67952,JMAN40,07/04/23,06/06/23
PROJ80178,JMAN849,13/07/23,11/09/23
PROJ80178,JMAN996,19/10/23,18/12/23
PROJ80178,JMAN922,06/09/23,05/11/23
PROJ80178,JMAN246,04/06/23,03/08/23
PROJ80178,JMAN577,15/10/23,14/12/23
PROJ80178,JMAN465,30/01/24,30/03/24
PROJ80178,JMAN676,11/06/23,10/08/23
PROJ80178,JMAN29,08/03/23,07/05/23
PROJ80178,JMAN423,17/01/24,17/03/24
PROJ80178,JMAN236,07/03/24,06/05/24
PROJ80178,JMAN408,16/05/23,15/07/23
PROJ80178,JMAN731,25/11/23,24/01/24
PROJ80178,JMAN197,14/10/23,13/12/23
PROJ80178,JMAN502,27/11/23,26/01/24
PROJ80178,JMAN964,28/07/23,26/09/23
PROJ80178,JMAN886,23/01/24,23/03/24
PROJ80178,JMAN589,15/03/24,14/05/24
PROJ80178,JMAN340,07/03/23,06/05/23
PROJ80178,JMAN647,17/08/23,16/10/23
PROJ80178,JMAN721,02/01/24,02/03/24
PROJ80178,JMAN804,08/02/24,08/04/24
PROJ80178,JMAN481,24/03/23,23/05/23
PROJ80178,JMAN705,27/07/23,25/09/23
PROJ80178,JMAN192,26/12/23,24/02/24
PROJ80178,JMAN583,10/06/23,09/08/23
PROJ80178,JMAN522,19/10/23,18/12/23
PROJ80178,JMAN417,31/08/23,30/10/23
PROJ80178,JMAN994,17/08/23,16/10/23
PROJ80178,JMAN974,17/08/23,16/10/23
PROJ80178,JMAN56,01/04/24,31/05/24
PROJ80178,JMAN588,07/12/23,05/02/24
PROJ80178,JMAN760,11/07/23,09/09/23
PROJ80178,JMAN444,13/08/23,12/10/23
PROJ80178,JMAN193,16/07/23,14/09/23
PROJ80178,JMAN940,30/03/23,29/05/23
PROJ80178,JMAN23,27/12/23,25/02/24
PROJ80178,JMAN180,28/08/23,27/10/23
PROJ80178,JMAN40,23/05/23,22/07/23
PROJ81253,JMAN863,13/06/23,12/08/23
PROJ81253,JMAN487,08/02/23,09/04/23
PROJ81253,JMAN298,11/08/23,10/10/23
PROJ81253,JMAN573,22/08/23,21/10/23
PROJ81253,JMAN406,26/02/23,27/04/23
PROJ81253,JMAN169,19/01/23,20/03/23
PROJ81253,JMAN801,12/04/23,11/06/23
PROJ81253,JMAN804,20/03/23,19/05/23
PROJ81253,JMAN146,04/10/23,03/12/23
PROJ81253,JMAN70,03/02/23,04/04/23
PROJ81253,JMAN751,17/08/23,16/10/23
PROJ81253,JMAN529,12/10/23,11/12/23
PROJ81253,JMAN144,21/09/23,20/11/23
PROJ81253,JMAN488,28/01/23,29/03/23
PROJ81253,JMAN596,29/11/22,28/01/23
PROJ81253,JMAN517,24/05/23,23/07/23
PROJ81253,JMAN340,27/09/23,26/11/23
PROJ81253,JMAN760,14/08/23,13/10/23
PROJ81253,JMAN647,15/05/23,14/07/23
PROJ81253,JMAN5,23/12/22,21/02/23
PROJ81253,JMAN676,26/10/22,25/12/22
PROJ81253,JMAN52,21/01/23,22/03/23
PROJ81253,JMAN894,12/02/23,13/04/23
PROJ81253,JMAN12,07/07/23,05/09/23
PROJ81253,JMAN864,25/11/22,24/01/23
PROJ81253,JMAN762,18/12/22,16/02/23
PROJ81253,JMAN616,10/06/23,09/08/23
PROJ81253,JMAN706,23/09/23,22/11/23
PROJ81253,JMAN902,14/05/23,13/07/23
PROJ81253,JMAN247,27/09/23,26/11/23
PROJ81253,JMAN2,03/07/23,01/09/23
PROJ81253,JMAN354,25/01/23,26/03/23
PROJ81253,JMAN111,31/10/22,30/12/22
PROJ81253,JMAN956,01/12/22,30/01/23
PROJ81253,JMAN666,13/03/23,12/05/23
PROJ81253,JMAN309,27/09/23,26/11/23
PROJ81253,JMAN224,05/07/23,03/09/23
PROJ81253,JMAN665,01/12/22,30/01/23
PROJ75213,JMAN454,28/04/23,27/06/23
PROJ75213,JMAN836,16/03/23,15/05/23
PROJ75213,JMAN904,28/02/23,29/04/23
PROJ75213,JMAN688,02/04/23,01/06/23
PROJ75213,JMAN396,30/04/23,29/06/23
PROJ75213,JMAN936,26/12/22,24/02/23
PROJ75213,JMAN33,24/01/23,25/03/23
PROJ75213,JMAN65,17/02/23,18/04/23
PROJ75213,JMAN379,11/01/23,12/03/23
PROJ75213,JMAN963,25/04/23,24/06/23
PROJ75213,JMAN662,06/02/23,07/04/23
PROJ75213,JMAN281,03/02/23,04/04/23
PROJ75213,JMAN196,04/04/23,03/06/23
PROJ75213,JMAN235,05/04/23,04/06/23
PROJ75213,JMAN416,14/04/23,13/06/23
PROJ75213,JMAN981,18/04/23,17/06/23
PROJ75213,JMAN543,03/01/23,04/03/23
PROJ75213,JMAN576,09/03/23,08/05/23
PROJ75213,JMAN340,08/03/23,07/05/23
PROJ75213,JMAN224,30/01/23,31/03/23
PROJ75213,JMAN712,19/03/23,18/05/23
PROJ75213,JMAN721,10/01/23,11/03/23
PROJ75213,JMAN168,12/02/23,13/04/23
PROJ75213,JMAN80,07/12/22,05/02/23
PROJ75213,JMAN417,23/12/22,21/02/23
PROJ75213,JMAN95,13/12/22,11/02/23
PROJ75213,JMAN79,30/03/23,29/05/23
PROJ75213,JMAN892,11/04/23,10/06/23
PROJ75213,JMAN147,01/12/22,30/01/23
PROJ75213,JMAN873,09/04/23,08/06/23
PROJ75213,JMAN111,25/12/22,23/02/23
PROJ75213,JMAN539,28/02/23,29/04/23
PROJ75213,JMAN852,02/04/23,01/06/23
PROJ75213,JMAN905,15/12/22,13/02/23
PROJ75213,JMAN315,16/12/22,14/02/23
PROJ75213,JMAN176,28/12/22,26/02/23
PROJ75213,JMAN666,11/02/23,12/04/23
PROJ75213,JMAN82,15/03/23,14/05/23
PROJ43743,JMAN633,24/11/23,23/01/24
PROJ43743,JMAN377,26/05/24,25/07/24
PROJ43743,JMAN22,17/01/24,17/03/24
PROJ43743,JMAN406,01/12/23,30/01/24
PROJ43743,JMAN51,01/09/23,31/10/23
PROJ43743,JMAN503,22/04/24,21/06/24
PROJ43743,JMAN797,24/10/23,23/12/23
PROJ43743,JMAN992,17/07/23,15/09/23
PROJ43743,JMAN871,10/11/23,09/01/24
PROJ43743,JMAN107,10/04/24,09/06/24
PROJ43743,JMAN298,24/01/24,24/03/24
PROJ43743,JMAN423,13/07/23,11/09/23
PROJ43743,JMAN264,13/01/24,13/03/24
PROJ43743,JMAN226,08/02/24,08/04/24
PROJ43743,JMAN997,11/06/23,10/08/23
PROJ43743,JMAN941,20/11/23,19/01/24
PROJ43743,JMAN444,05/05/24,04/07/24
PROJ43743,JMAN311,27/05/23,26/07/23
PROJ43743,JMAN543,10/06/23,09/08/23
PROJ43743,JMAN522,04/05/24,03/07/24
PROJ43743,JMAN583,10/08/23,09/10/23
PROJ43743,JMAN29,21/04/24,20/06/24
PROJ43743,JMAN94,01/11/23,31/12/23
PROJ43743,JMAN79,06/05/24,05/07/24
PROJ43743,JMAN577,14/09/23,13/11/23
PROJ43743,JMAN620,04/07/23,02/09/23
PROJ43743,JMAN741,23/03/24,22/05/24
PROJ43743,JMAN275,31/01/24,31/03/24
PROJ43743,JMAN136,07/11/23,06/01/24
PROJ43743,JMAN466,06/05/24,05/07/24
PROJ43743,JMAN888,11/12/23,09/02/24
PROJ43743,JMAN817,05/09/23,04/11/23
PROJ43743,JMAN67,25/10/23,24/12/23
PROJ43743,JMAN193,17/03/24,16/05/24
PROJ43743,JMAN180,08/05/24,07/07/24
PROJ43743,JMAN249,06/05/24,05/07/24
PROJ43743,JMAN349,14/09/23,13/11/23
PROJ43743,JMAN863,19/07/23,17/09/23
PROJ51986,JMAN487,14/10/23,13/12/23
PROJ51986,JMAN159,13/08/23,12/10/23
PROJ51986,JMAN803,13/09/23,12/11/23
PROJ51986,JMAN548,02/09/23,01/11/23
PROJ51986,JMAN93,22/09/23,21/11/23
PROJ51986,JMAN476,13/08/23,12/10/23
PROJ51986,JMAN419,31/10/23,30/12/23
PROJ51986,JMAN213,13/10/23,12/12/23
PROJ51986,JMAN278,11/08/23,10/10/23
PROJ51986,JMAN856,25/09/23,24/11/23
PROJ51986,JMAN871,09/08/23,08/10/23
PROJ51986,JMAN68,10/08/23,09/10/23
PROJ51986,JMAN875,01/10/23,30/11/23
PROJ51986,JMAN346,06/09/23,05/11/23
PROJ51986,JMAN206,07/09/23,06/11/23
PROJ51986,JMAN716,28/09/23,27/11/23
PROJ51986,JMAN369,12/09/23,11/11/23
PROJ51986,JMAN643,10/10/23,09/12/23
PROJ51986,JMAN259,10/10/23,09/12/23
PROJ51986,JMAN401,15/09/23,14/11/23
PROJ51986,JMAN836,09/08/23,08/10/23
PROJ51986,JMAN85,31/10/23,30/12/23
PROJ51986,JMAN680,07/09/23,06/11/23
PROJ51986,JMAN75,23/10/23,22/12/23
PROJ51986,JMAN223,31/10/23,30/12/23
PROJ51986,JMAN920,27/10/23,26/12/23
PROJ51986,JMAN55,10/08/23,09/10/23
PROJ51986,JMAN512,19/10/23,18/12/23
PROJ51986,JMAN128,25/10/23,24/12/23
PROJ51986,JMAN817,13/08/23,12/10/23
PROJ51986,JMAN824,17/09/23,16/11/23
PROJ51986,JMAN18,22/09/23,21/11/23
PROJ51986,JMAN962,21/10/23,20/12/23
PROJ51986,JMAN176,27/10/23,26/12/23
PROJ51986,JMAN166,17/10/23,16/12/23
PROJ51986,JMAN398,01/10/23,30/11/23
PROJ51986,JMAN666,04/09/23,03/11/23
PROJ51986,JMAN542,16/10/23,15/12/23
PROJ65221,JMAN487,02/12/23,31/01/24
PROJ65221,JMAN126,08/10/23,07/12/23
PROJ65221,JMAN663,17/07/24,15/09/24
PROJ65221,JMAN633,06/06/24,05/08/24
PROJ65221,JMAN309,24/01/24,24/03/24
PROJ65221,JMAN169,11/07/24,09/09/24
PROJ65221,JMAN65,27/12/23,25/02/24
PROJ65221,JMAN478,10/07/24,08/09/24
PROJ65221,JMAN20,07/08/24,06/10/24
PROJ65221,JMAN442,28/12/23,26/02/24
PROJ65221,JMAN968,28/10/23,27/12/23
PROJ65221,JMAN678,04/01/24,04/03/24
PROJ65221,JMAN144,28/02/24,28/04/24
PROJ65221,JMAN488,12/03/24,11/05/24
PROJ65221,JMAN131,29/03/24,28/05/24
PROJ65221,JMAN229,01/07/24,30/08/24
PROJ65221,JMAN270,16/11/23,15/01/24
PROJ65221,JMAN716,22/12/23,20/02/24
PROJ65221,JMAN282,25/11/23,24/01/24
PROJ65221,JMAN921,13/12/23,11/02/24
PROJ65221,JMAN498,04/04/24,03/06/24
PROJ65221,JMAN608,03/12/23,01/02/24
PROJ65221,JMAN299,01/03/24,30/04/24
PROJ65221,JMAN759,22/05/24,21/07/24
PROJ65221,JMAN261,15/04/24,14/06/24
PROJ65221,JMAN741,05/03/24,04/05/24
PROJ65221,JMAN601,21/12/23,19/02/24
PROJ65221,JMAN55,29/04/24,28/06/24
PROJ65221,JMAN517,07/07/24,05/09/24
PROJ65221,JMAN799,17/10/23,16/12/23
PROJ65221,JMAN562,24/12/23,22/02/24
PROJ65221,JMAN981,10/05/24,09/07/24
PROJ65221,JMAN588,11/04/24,10/06/24
PROJ65221,JMAN63,24/04/24,23/06/24
PROJ65221,JMAN906,05/02/24,05/04/24
PROJ65221,JMAN14,03/01/24,03/03/24
PROJ65221,JMAN219,18/05/24,17/07/24
PROJ65221,JMAN349,25/02/24,25/04/24
PROJ23415,JMAN876,19/07/24,17/09/24
PROJ23415,JMAN573,19/05/24,18/07/24
PROJ23415,JMAN83,24/02/24,24/04/24
PROJ23415,JMAN93,13/12/24,11/02/25
PROJ23415,JMAN617,06/08/24,05/10/24
PROJ23415,JMAN503,09/07/24,07/09/24
PROJ23415,JMAN418,13/11/23,12/01/24
PROJ23415,JMAN933,29/10/23,28/12/23
PROJ23415,JMAN372,19/11/23,18/01/24
PROJ23415,JMAN5,23/03/24,22/05/24
PROJ23415,JMAN580,24/03/24,23/05/24
PROJ23415,JMAN310,07/04/24,06/06/24
PROJ23415,JMAN903,23/09/24,22/11/24
PROJ23415,JMAN676,25/11/24,24/01/25
PROJ23415,JMAN382,25/10/24,24/12/24
PROJ23415,JMAN677,08/04/24,07/06/24
PROJ23415,JMAN430,30/11/24,29/01/25
PROJ23415,JMAN941,17/02/24,17/04/24
PROJ23415,JMAN934,14/03/24,13/05/24
PROJ23415,JMAN299,22/11/23,21/01/24
PROJ23415,JMAN741,06/03/24,05/05/24
PROJ23415,JMAN412,13/07/24,11/09/24
PROJ23415,JMAN174,14/09/24,13/11/24
PROJ23415,JMAN721,25/04/24,24/06/24
PROJ23415,JMAN85,05/10/24,04/12/24
PROJ23415,JMAN712,05/02/24,05/04/24
PROJ23415,JMAN541,09/09/24,08/11/24
PROJ23415,JMAN95,12/02/24,12/04/24
PROJ23415,JMAN2,09/09/24,08/11/24
PROJ23415,JMAN760,02/12/23,31/01/24
PROJ23415,JMAN147,03/09/24,02/11/24
PROJ23415,JMAN278,23/10/24,22/12/24
PROJ23415,JMAN796,17/02/24,17/04/24
PROJ23415,JMAN708,19/07/24,17/09/24
PROJ23415,JMAN190,10/01/25,11/03/25
PROJ23415,JMAN371,05/10/24,04/12/24
PROJ23415,JMAN586,14/12/23,12/02/24
PROJ23415,JMAN65,25/08/24,24/10/24
PROJ17750,JMAN7,31/12/22,01/03/23
PROJ17750,JMAN155,25/01/23,26/03/23
PROJ17750,JMAN577,22/12/22,20/02/23
PROJ17750,JMAN3,13/12/22,11/02/23
PROJ17750,JMAN377,18/12/22,16/02/23
PROJ17750,JMAN714,08/12/22,06/02/23
PROJ17750,JMAN62,30/12/22,28/02/23
PROJ17750,JMAN938,21/01/23,22/03/23
PROJ17750,JMAN268,17/01/23,18/03/23
PROJ17750,JMAN427,08/12/22,06/02/23
PROJ17750,JMAN292,06/01/23,07/03/23
PROJ17750,JMAN657,27/01/23,28/03/23
PROJ17750,JMAN148,13/01/23,14/03/23
PROJ17750,JMAN154,18/12/22,16/02/23
PROJ17750,JMAN510,26/12/22,24/02/23
PROJ17750,JMAN369,01/12/22,30/01/23
PROJ17750,JMAN774,04/12/22,02/02/23
PROJ17750,JMAN716,16/12/22,14/02/23
PROJ17750,JMAN882,27/12/22,25/02/23
PROJ17750,JMAN921,12/01/23,13/03/23
PROJ17750,JMAN459,02/01/23,03/03/23
PROJ17750,JMAN804,08/12/22,06/02/23
PROJ17750,JMAN94,15/01/23,16/03/23
PROJ17750,JMAN115,10/01/23,11/03/23
PROJ17750,JMAN5,19/12/22,17/02/23
PROJ17750,JMAN189,10/12/22,08/02/23
PROJ17750,JMAN350,30/11/22,29/01/23
PROJ17750,JMAN67,17/12/22,15/02/23
PROJ17750,JMAN247,22/01/23,23/03/23
PROJ17750,JMAN478,22/12/22,20/02/23
PROJ17750,JMAN693,16/12/22,14/02/23
PROJ17750,JMAN706,07/12/22,05/02/23
PROJ17750,JMAN331,16/01/23,17/03/23
PROJ17750,JMAN737,02/12/22,31/01/23
PROJ17750,JMAN697,30/12/22,28/02/23
PROJ17750,JMAN304,20/01/23,21/03/23
PROJ17750,JMAN65,30/11/22,29/01/23
PROJ17750,JMAN166,22/12/22,20/02/23
PROJ29219,JMAN577,02/11/22,01/01/23
PROJ29219,JMAN646,23/11/22,22/01/23
PROJ29219,JMAN590,22/12/22,20/02/23
PROJ29219,JMAN853,16/12/22,14/02/23
PROJ29219,JMAN780,10/12/22,08/02/23
PROJ29219,JMAN59,09/09/22,08/11/22
PROJ29219,JMAN837,27/08/22,26/10/22
PROJ29219,JMAN29,06/09/22,05/11/22
PROJ29219,JMAN441,25/10/22,24/12/22
PROJ29219,JMAN208,05/01/23,06/03/23
PROJ29219,JMAN580,20/01/23,21/03/23
PROJ29219,JMAN704,09/12/22,07/02/23
PROJ29219,JMAN869,22/11/22,21/01/23
PROJ29219,JMAN991,06/10/22,05/12/22
PROJ29219,JMAN769,11/02/23,12/04/23
PROJ29219,JMAN640,27/08/22,26/10/22
PROJ29219,JMAN1,06/02/23,07/04/23
PROJ29219,JMAN138,27/08/22,26/10/22
PROJ29219,JMAN300,30/10/22,29/12/22
PROJ29219,JMAN522,13/02/23,14/04/23
PROJ29219,JMAN85,23/09/22,22/11/22
PROJ29219,JMAN804,02/11/22,01/01/23
PROJ29219,JMAN741,18/02/23,19/04/23
PROJ29219,JMAN297,18/09/22,17/11/22
PROJ29219,JMAN519,01/09/22,31/10/22
PROJ29219,JMAN583,06/09/22,05/11/22
PROJ29219,JMAN80,22/09/22,21/11/22
PROJ29219,JMAN603,01/02/23,02/04/23
PROJ29219,JMAN278,12/02/23,13/04/23
PROJ29219,JMAN257,14/09/22,13/11/22
PROJ29219,JMAN825,19/01/23,20/03/23
PROJ29219,JMAN480,07/01/23,08/03/23
PROJ29219,JMAN796,25/09/22,24/11/22
PROJ29219,JMAN142,25/01/23,26/03/23
PROJ29219,JMAN940,15/10/22,14/12/22
PROJ29219,JMAN219,08/01/23,09/03/23
PROJ29219,JMAN190,29/01/23,30/03/23
PROJ29219,JMAN309,13/09/22,12/11/22
PROJ90277,JMAN155,15/06/25,14/08/25
PROJ90277,JMAN268,07/05/25,06/07/25
PROJ90277,JMAN487,27/12/24,25/02/25
PROJ90277,JMAN515,20/10/24,19/12/24
PROJ90277,JMAN663,23/01/24,23/03/24
PROJ90277,JMAN553,10/03/24,09/05/24
PROJ90277,JMAN772,04/02/24,04/04/24
PROJ90277,JMAN62,29/05/24,28/07/24
PROJ90277,JMAN236,18/02/24,18/04/24
PROJ90277,JMAN31,14/02/24,14/04/24
PROJ90277,JMAN729,22/03/24,21/05/24
PROJ90277,JMAN751,25/06/25,24/08/25
PROJ90277,JMAN392,01/04/24,31/05/24
PROJ90277,JMAN396,11/09/24,10/11/24
PROJ90277,JMAN83,13/02/24,13/04/24
PROJ90277,JMAN154,09/02/25,10/04/25
PROJ90277,JMAN135,10/07/24,08/09/24
PROJ90277,JMAN906,01/03/25,30/04/25
PROJ90277,JMAN652,02/05/24,01/07/24
PROJ90277,JMAN5,18/05/25,17/07/25
PROJ90277,JMAN721,28/05/25,27/07/25
PROJ90277,JMAN55,24/02/24,24/04/24
PROJ90277,JMAN223,01/04/24,31/05/24
PROJ90277,JMAN260,08/07/24,06/09/24
PROJ90277,JMAN741,07/05/25,06/07/25
PROJ90277,JMAN582,05/06/25,04/08/25
PROJ90277,JMAN350,21/02/25,22/04/25
PROJ90277,JMAN472,17/09/24,16/11/24
PROJ90277,JMAN892,27/11/24,26/01/25
PROJ90277,JMAN758,13/04/25,12/06/25
PROJ90277,JMAN994,04/01/24,04/03/24
PROJ90277,JMAN706,07/03/24,06/05/24
PROJ90277,JMAN693,03/09/24,02/11/24
PROJ90277,JMAN666,01/12/24,30/01/25
PROJ90277,JMAN4,22/03/25,21/05/25
PROJ90277,JMAN21,03/01/25,04/03/25
PROJ90277,JMAN166,08/09/24,07/11/24
PROJ90277,JMAN767,13/01/24,13/03/24
PROJ48701,JMAN904,20/12/22,18/02/23
PROJ48701,JMAN155,31/07/22,29/09/22
PROJ48701,JMAN3,28/11/22,27/01/23
PROJ48701,JMAN548,18/07/22,16/09/22
PROJ48701,JMAN633,23/08/22,22/10/22
PROJ48701,JMAN794,18/11/22,17/01/23
PROJ48701,JMAN849,16/01/23,17/03/23
PROJ48701,JMAN719,23/10/22,22/12/22
PROJ48701,JMAN146,03/01/23,04/03/23
PROJ48701,JMAN68,30/08/22,29/10/22
PROJ48701,JMAN837,12/12/22,10/02/23
PROJ48701,JMAN292,04/12/22,02/02/23
PROJ48701,JMAN734,13/01/23,14/03/23
PROJ48701,JMAN934,07/11/22,06/01/23
PROJ48701,JMAN602,14/07/22,12/09/22
PROJ48701,JMAN198,08/09/22,07/11/22
PROJ48701,JMAN643,06/09/22,05/11/22
PROJ48701,JMAN575,19/12/22,17/02/23
PROJ48701,JMAN776,04/01/23,05/03/23
PROJ48701,JMAN192,19/10/22,18/12/22
PROJ48701,JMAN519,03/11/22,02/01/23
PROJ48701,JMAN80,15/11/22,14/01/23
PROJ48701,JMAN115,25/12/22,23/02/23
PROJ48701,JMAN894,14/01/23,15/03/23
PROJ48701,JMAN700,04/12/22,02/02/23
PROJ48701,JMAN601,20/09/22,19/11/22
PROJ48701,JMAN583,15/01/23,16/03/23
PROJ48701,JMAN203,04/08/22,03/10/22
PROJ48701,JMAN118,05/10/22,04/12/22
PROJ48701,JMAN974,30/10/22,29/12/22
PROJ48701,JMAN486,14/07/22,12/09/22
PROJ48701,JMAN206,17/12/22,15/02/23
PROJ48701,JMAN970,25/12/22,23/02/23
PROJ48701,JMAN930,19/09/22,18/11/22
PROJ48701,JMAN576,27/11/22,26/01/23
PROJ48701,JMAN614,10/01/23,11/03/23
PROJ48701,JMAN274,04/08/22,03/10/22
PROJ48701,JMAN82,31/07/22,29/09/22
PROJ46796,JMAN617,13/11/23,12/01/24
PROJ46796,JMAN917,09/03/24,08/05/24
PROJ46796,JMAN803,27/08/24,26/10/24
PROJ46796,JMAN922,30/06/24,29/08/24
PROJ46796,JMAN480,23/01/24,23/03/24
PROJ46796,JMAN706,14/07/24,12/09/24
PROJ46796,JMAN801,24/11/23,23/01/24
PROJ46796,JMAN419,09/12/23,07/02/24
PROJ46796,JMAN379,26/06/24,25/08/24
PROJ46796,JMAN558,01/01/24,01/03/24
PROJ46796,JMAN729,01/12/23,30/01/24
PROJ46796,JMAN121,30/07/23,28/09/23
PROJ46796,JMAN235,19/08/23,18/10/23
PROJ46796,JMAN125,30/07/23,28/09/23
PROJ46796,JMAN392,09/09/23,08/11/23
PROJ46796,JMAN652,06/11/23,05/01/24
PROJ46796,JMAN984,12/08/24,11/10/24
PROJ46796,JMAN15,03/02/24,03/04/24
PROJ46796,JMAN340,16/07/24,14/09/24
PROJ46796,JMAN12,12/04/24,11/06/24
PROJ46796,JMAN836,08/11/23,07/01/24
PROJ46796,JMAN802,29/03/24,28/05/24
PROJ46796,JMAN620,31/01/24,31/03/24
PROJ46796,JMAN441,28/06/24,27/08/24
PROJ46796,JMAN991,22/04/24,21/06/24
PROJ46796,JMAN582,28/10/23,27/12/23
PROJ46796,JMAN608,28/02/24,28/04/24
PROJ46796,JMAN264,22/09/23,21/11/23
PROJ46796,JMAN512,11/09/23,10/11/23
PROJ46796,JMAN354,01/08/24,30/09/24
PROJ46796,JMAN814,03/05/24,02/07/24
PROJ46796,JMAN794,24/08/24,23/10/24
PROJ46796,JMAN478,29/10/23,28/12/23
PROJ46796,JMAN67,20/12/23,18/02/24
PROJ46796,JMAN219,21/03/24,20/05/24
PROJ46796,JMAN23,05/05/24,04/07/24
PROJ46796,JMAN891,15/07/24,13/09/24
PROJ46796,JMAN903,03/09/23,02/11/23
PROJ36514,JMAN803,25/06/24,24/08/24
PROJ36514,JMAN515,15/11/23,14/01/24
PROJ36514,JMAN83,09/06/23,08/08/23
PROJ36514,JMAN917,17/06/24,16/08/24
PROJ36514,JMAN298,23/07/24,21/09/24
PROJ36514,JMAN810,01/06/24,31/07/24
PROJ36514,JMAN419,18/06/23,17/08/23
PROJ36514,JMAN989,27/10/23,26/12/23
PROJ36514,JMAN539,19/05/24,18/07/24
PROJ36514,JMAN324,19/07/24,17/09/24
PROJ36514,JMAN22,09/02/24,09/04/24
PROJ36514,JMAN887,15/06/24,14/08/24
PROJ36514,JMAN769,12/12/23,10/02/24
PROJ36514,JMAN669,24/05/23,23/07/23
PROJ36514,JMAN128,24/06/24,23/08/24
PROJ36514,JMAN135,22/04/24,21/06/24
PROJ36514,JMAN59,16/06/23,15/08/23
PROJ36514,JMAN138,10/04/23,09/06/23
PROJ36514,JMAN311,12/09/23,11/11/23
PROJ36514,JMAN40,03/12/23,01/02/24
PROJ36514,JMAN843,18/01/24,18/03/24
PROJ36514,JMAN588,19/08/23,18/10/23
PROJ36514,JMAN651,29/08/23,28/10/23
PROJ36514,JMAN106,05/01/24,05/03/24
PROJ36514,JMAN759,16/12/23,14/02/24
PROJ36514,JMAN659,09/10/23,08/12/23
PROJ36514,JMAN787,26/05/24,25/07/24
PROJ36514,JMAN578,13/05/23,12/07/23
PROJ36514,JMAN994,02/01/24,02/03/24
PROJ36514,JMAN228,20/11/23,19/01/24
PROJ36514,JMAN700,24/07/24,22/09/24
PROJ36514,JMAN980,02/11/23,01/01/24
PROJ36514,JMAN352,22/05/24,21/07/24
PROJ36514,JMAN438,04/10/23,03/12/23
PROJ36514,JMAN219,17/06/23,16/08/23
PROJ36514,JMAN449,13/10/23,12/12/23
PROJ36514,JMAN215,29/02/24,29/04/24
PROJ36514,JMAN697,30/03/24,29/05/24
PROJ48132,JMAN123,19/11/23,18/01/24
PROJ48132,JMAN551,17/09/23,16/11/23
PROJ48132,JMAN246,01/10/23,30/11/23
PROJ48132,JMAN395,30/12/23,28/02/24
PROJ48132,JMAN412,21/01/24,21/03/24
PROJ48132,JMAN347,14/12/23,12/02/24
PROJ48132,JMAN758,05/12/23,03/02/24
PROJ48132,JMAN183,01/11/23,31/12/23
PROJ48132,JMAN68,18/12/23,16/02/24
PROJ48132,JMAN31,28/11/23,27/01/24
PROJ48132,JMAN739,12/12/23,10/02/24
PROJ48132,JMAN441,08/11/23,07/01/24
PROJ48132,JMAN875,04/01/24,04/03/24
PROJ48132,JMAN16,28/10/23,27/12/23
PROJ48132,JMAN871,31/01/24,31/03/24
PROJ48132,JMAN864,19/10/23,18/12/23
PROJ48132,JMAN452,15/01/24,15/03/24
PROJ48132,JMAN62,24/11/23,23/01/24
PROJ48132,JMAN8,13/01/24,13/03/24
PROJ48132,JMAN115,28/09/23,27/11/23
PROJ48132,JMAN811,06/12/23,04/02/24
PROJ48132,JMAN52,21/10/23,20/12/23
PROJ48132,JMAN434,11/10/23,10/12/23
PROJ48132,JMAN680,24/10/23,23/12/23
PROJ48132,JMAN189,09/01/24,09/03/24
PROJ48132,JMAN843,01/11/23,31/12/23
PROJ48132,JMAN920,27/01/24,27/03/24
PROJ48132,JMAN817,16/11/23,15/01/24
PROJ48132,JMAN700,02/11/23,01/01/24
PROJ48132,JMAN494,16/01/24,16/03/24
PROJ48132,JMAN128,21/12/23,19/02/24
PROJ48132,JMAN588,21/09/23,20/11/23
PROJ48132,JMAN539,09/10/23,08/12/23
PROJ48132,JMAN169,20/11/23,19/01/24
PROJ48132,JMAN542,03/02/24,03/04/24
PROJ48132,JMAN67,18/12/23,16/02/24
PROJ48132,JMAN614,17/11/23,16/01/24
PROJ48132,JMAN663,30/12/23,28/02/24
PROJ30823,JMAN922,13/05/25,12/07/25
PROJ30823,JMAN322,22/02/25,23/04/25
PROJ30823,JMAN917,14/06/25,13/08/25
PROJ30823,JMAN980,14/05/24,13/07/24
PROJ30823,JMAN617,18/09/24,17/11/24
PROJ30823,JMAN644,23/08/24,22/10/24
PROJ30823,JMAN847,21/06/25,20/08/25
PROJ30823,JMAN585,11/11/24,10/01/25
PROJ30823,JMAN484,15/09/25,14/11/25
PROJ30823,JMAN930,01/11/24,31/12/24
PROJ30823,JMAN442,30/10/24,29/12/24
PROJ30823,JMAN5,05/07/25,03/09/25
PROJ30823,JMAN876,27/03/24,26/05/24
PROJ30823,JMAN669,26/08/24,25/10/24
PROJ30823,JMAN676,01/12/24,30/01/25
PROJ30823,JMAN369,14/09/24,13/11/24
PROJ30823,JMAN920,14/06/25,13/08/25
PROJ30823,JMAN517,23/01/24,23/03/24
PROJ30823,JMAN423,15/06/25,14/08/25
PROJ30823,JMAN434,14/05/25,13/07/25
PROJ30823,JMAN921,28/09/25,27/11/25
PROJ30823,JMAN668,12/02/24,12/04/24
PROJ30823,JMAN601,12/10/25,11/12/25
PROJ30823,JMAN700,26/09/24,25/11/24
PROJ30823,JMAN566,19/04/25,18/06/25
PROJ30823,JMAN588,19/03/25,18/05/25
PROJ30823,JMAN223,31/05/24,30/07/24
PROJ30823,JMAN203,15/10/24,14/12/24
PROJ30823,JMAN278,12/03/25,11/05/25
PROJ30823,JMAN974,03/09/25,02/11/25
PROJ30823,JMAN118,04/03/24,03/05/24
PROJ30823,JMAN799,03/09/25,02/11/25
PROJ30823,JMAN880,15/03/25,14/05/25
PROJ30823,JMAN891,06/08/24,05/10/24
PROJ30823,JMAN504,24/07/25,22/09/25
PROJ30823,JMAN219,10/12/24,08/02/25
PROJ30823,JMAN308,05/10/25,04/12/25
PROJ30823,JMAN925,26/05/24,25/07/24
PROJ81077,JMAN159,14/05/24,13/07/24
PROJ81077,JMAN308,24/07/24,22/09/24
PROJ81077,JMAN131,22/01/24,22/03/24
PROJ81077,JMAN93,15/09/24,14/11/24
PROJ81077,JMAN349,16/04/24,15/06/24
PROJ81077,JMAN970,10/02/25,11/04/25
PROJ81077,JMAN801,10/01/24,10/03/24
PROJ81077,JMAN29,13/08/24,12/10/24
PROJ81077,JMAN529,23/06/24,22/08/24
PROJ81077,JMAN298,10/09/24,09/11/24
PROJ81077,JMAN539,26/06/24,25/08/24
PROJ81077,JMAN503,25/10/24,24/12/24
PROJ81077,JMAN206,12/12/23,10/02/24
PROJ81077,JMAN110,14/06/24,13/08/24
PROJ81077,JMAN279,08/01/25,09/03/25
PROJ81077,JMAN15,23/04/25,22/06/25
PROJ81077,JMAN830,07/02/24,07/04/24
PROJ81077,JMAN377,25/07/24,23/09/24
PROJ81077,JMAN981,19/05/24,18/07/24
PROJ81077,JMAN481,01/03/24,30/04/24
PROJ81077,JMAN81,30/12/23,28/02/24
PROJ81077,JMAN414,13/05/24,12/07/24
PROJ81077,JMAN257,29/04/24,28/06/24
PROJ81077,JMAN991,24/02/24,24/04/24
PROJ81077,JMAN224,30/06/24,29/08/24
PROJ81077,JMAN350,20/04/25,19/06/25
PROJ81077,JMAN260,08/01/25,09/03/25
PROJ81077,JMAN517,04/06/24,03/08/24
PROJ81077,JMAN275,01/03/24,30/04/24
PROJ81077,JMAN796,13/01/25,14/03/25
PROJ81077,JMAN147,12/07/24,10/09/24
PROJ81077,JMAN67,05/11/24,04/01/25
PROJ81077,JMAN264,01/12/23,30/01/24
PROJ81077,JMAN925,17/06/24,16/08/24
PROJ81077,JMAN83,22/11/24,21/01/25
PROJ81077,JMAN940,19/01/25,20/03/25
PROJ81077,JMAN176,06/04/24,05/06/24
PROJ81077,JMAN694,22/07/24,20/09/24
PROJ25155,JMAN980,06/12/22,04/02/23
PROJ25155,JMAN693,16/11/22,15/01/23
PROJ25155,JMAN853,10/12/22,08/02/23
PROJ25155,JMAN548,13/11/22,12/01/23
PROJ25155,JMAN399,01/10/22,30/11/22
PROJ25155,JMAN724,25/10/22,24/12/22
PROJ25155,JMAN938,24/11/22,23/01/23
PROJ25155,JMAN849,24/10/22,23/12/22
PROJ25155,JMAN836,28/11/22,27/01/23
PROJ25155,JMAN511,08/11/22,07/01/23
PROJ25155,JMAN471,08/11/22,07/01/23
PROJ25155,JMAN423,20/11/22,19/01/23
PROJ25155,JMAN752,02/11/22,01/01/23
PROJ25155,JMAN934,16/11/22,15/01/23
PROJ25155,JMAN54,08/11/22,07/01/23
PROJ25155,JMAN44,06/11/22,05/01/23
PROJ25155,JMAN647,12/11/22,11/01/23
PROJ25155,JMAN53,04/10/22,03/12/22
PROJ25155,JMAN204,12/11/22,11/01/23
PROJ25155,JMAN716,11/10/22,10/12/22
PROJ25155,JMAN299,30/11/22,29/01/23
PROJ25155,JMAN577,15/10/22,14/12/22
PROJ25155,JMAN918,20/11/22,19/01/23
PROJ25155,JMAN566,08/11/22,07/01/23
PROJ25155,JMAN224,20/11/22,19/01/23
PROJ25155,JMAN223,11/12/22,09/02/23
PROJ25155,JMAN75,18/10/22,17/12/22
PROJ25155,JMAN196,30/10/22,29/12/22
PROJ25155,JMAN994,23/11/22,22/01/23
PROJ25155,JMAN203,05/12/22,03/02/23
PROJ25155,JMAN981,19/10/22,18/12/22
PROJ25155,JMAN257,10/11/22,09/01/23
PROJ25155,JMAN316,09/10/22,08/12/22
PROJ25155,JMAN697,23/10/22,22/12/22
PROJ25155,JMAN925,10/11/22,09/01/23
PROJ25155,JMAN170,09/12/22,07/02/23
PROJ25155,JMAN215,15/10/22,14/12/22
PROJ25155,JMAN67,02/10/22,01/12/22
PROJ93481,JMAN349,08/02/24,08/04/24
PROJ93481,JMAN633,26/11/23,25/01/24
PROJ93481,JMAN836,02/07/24,31/08/24
PROJ93481,JMAN554,14/03/24,13/05/24
PROJ93481,JMAN548,08/07/23,06/09/23
PROJ93481,JMAN219,27/06/24,26/08/24
PROJ93481,JMAN804,02/09/24,01/11/24
PROJ93481,JMAN946,21/11/23,20/01/24
PROJ93481,JMAN678,28/06/24,27/08/24
PROJ93481,JMAN852,07/09/23,06/11/23
PROJ93481,JMAN372,20/12/23,18/02/24
PROJ93481,JMAN858,08/06/24,07/08/24
PROJ93481,JMAN486,11/06/23,10/08/23
PROJ93481,JMAN752,20/08/24,19/10/24
PROJ93481,JMAN644,09/11/24,08/01/25
PROJ93481,JMAN984,28/05/23,27/07/23
PROJ93481,JMAN855,08/03/24,07/05/24
PROJ93481,JMAN629,14/09/23,13/11/23
PROJ93481,JMAN23,28/01/24,28/03/24
PROJ93481,JMAN519,28/12/24,26/02/25
PROJ93481,JMAN787,16/07/23,14/09/23
PROJ93481,JMAN700,30/05/23,29/07/23
PROJ93481,JMAN224,20/07/24,18/09/24
PROJ93481,JMAN598,27/08/24,26/10/24
PROJ93481,JMAN472,15/12/24,13/02/25
PROJ93481,JMAN741,14/03/24,13/05/24
PROJ93481,JMAN192,18/07/24,16/09/24
PROJ93481,JMAN294,06/07/23,04/09/23
PROJ93481,JMAN18,04/02/25,05/04/25
PROJ93481,JMAN888,10/10/23,09/12/23
PROJ93481,JMAN353,09/01/25,10/03/25
PROJ93481,JMAN466,19/08/23,18/10/23
PROJ93481,JMAN902,01/07/23,30/08/23
PROJ93481,JMAN570,21/09/24,20/11/24
PROJ93481,JMAN449,03/10/23,02/12/23
PROJ93481,JMAN398,19/09/24,18/11/24
PROJ93481,JMAN275,05/08/23,04/10/23
PROJ93481,JMAN663,28/06/24,27/08/24
